event_id,days_before,R,circ_variance,pairwise_spread,circular_error,magnitude,depth,mean_prior_alignment,mean_prior_H,mean_prior_kl,ensemble_confidence,is_shallow
bmg2026bytf,0,0.9861,0.0139,13.49,47.92,5.05,109.0,47.3,7.2028,1.289,0.9861,0
bmg2026bytf,1,0.9911,0.0089,11.11,44.85,5.05,109.0,47.3,7.2028,1.289,0.9911,0
bmg2026bytf,2,0.9915,0.0085,10.52,42.42,5.05,109.0,47.3,7.2028,1.289,0.9915,0
bmg2026bytf,3,0.9874,0.0126,13.34,45.81,5.05,109.0,47.3,7.2028,1.289,0.9874,0
bmg2026bytf,4,0.9896,0.0104,11.5,44.09,5.05,109.0,47.3,7.2028,1.289,0.9896,0
bmg2026bytf,5,0.9847,0.0153,13.89,47.49,5.05,109.0,47.3,7.2028,1.289,0.9847,0
bmg2026bytf,6,0.9848,0.0152,14.27,48.77,5.05,109.0,47.3,7.2028,1.289,0.9848,0
bmg2026bytf,7,0.9886,0.0114,12.69,44.12,5.05,109.0,47.3,7.2028,1.289,0.9886,0
bmg2026bytf,8,0.9867,0.0133,13.45,45.32,5.05,109.0,47.3,7.2028,1.289,0.9867,0
bmg2026bytf,9,0.9883,0.0117,12.43,44.22,5.05,109.0,47.3,7.2028,1.289,0.9883,0
bmg2026bytf,10,0.9905,0.0095,11.05,43.74,5.05,109.0,47.3,7.2028,1.289,0.9905,0
bmg2026bytf,11,0.991,0.009,11.21,41.71,5.05,109.0,47.3,7.2028,1.289,0.991,0
bmg2026bytf,12,0.9844,0.0156,14.29,48.18,5.05,109.0,47.3,7.2028,1.289,0.9844,0
bmg2026bytf,13,0.987,0.013,13.47,47.35,5.05,109.0,47.3,7.2028,1.289,0.987,0
bmg2026bytf,14,0.9861,0.0139,13.55,46.43,5.05,109.0,47.3,7.2028,1.289,0.9861,0
bmg2026byqz,0,0.9861,0.0139,13.49,26.62,5.05,10.0,24.97,7.2028,1.289,0.9861,1
bmg2026byqz,1,0.9911,0.0089,11.11,23.55,5.05,10.0,24.97,7.2028,1.289,0.9911,1
bmg2026byqz,2,0.9915,0.0085,10.52,21.12,5.05,10.0,24.97,7.2028,1.289,0.9915,1
bmg2026byqz,3,0.9874,0.0126,13.34,24.51,5.05,10.0,24.97,7.2028,1.289,0.9874,1
bmg2026byqz,4,0.9896,0.0104,11.5,22.79,5.05,10.0,24.97,7.2028,1.289,0.9896,1
bmg2026byqz,5,0.9847,0.0153,13.89,26.19,5.05,10.0,24.97,7.2028,1.289,0.9847,1
bmg2026byqz,6,0.9848,0.0152,14.27,27.47,5.05,10.0,24.97,7.2028,1.289,0.9848,1
bmg2026byqz,7,0.9886,0.0114,12.69,22.82,5.05,10.0,24.97,7.2028,1.289,0.9886,1
bmg2026byqz,8,0.9867,0.0133,13.45,24.02,5.05,10.0,24.97,7.2028,1.289,0.9867,1
bmg2026byqz,9,0.9883,0.0117,12.43,22.92,5.05,10.0,24.97,7.2028,1.289,0.9883,1
bmg2026byqz,10,0.9905,0.0095,11.05,22.44,5.05,10.0,24.97,7.2028,1.289,0.9905,1
bmg2026byqz,11,0.991,0.009,11.21,20.41,5.05,10.0,24.97,7.2028,1.289,0.991,1
bmg2026byqz,12,0.9844,0.0156,14.29,26.88,5.05,10.0,24.97,7.2028,1.289,0.9844,1
bmg2026byqz,13,0.987,0.013,13.47,26.04,5.05,10.0,24.97,7.2028,1.289,0.987,1
bmg2026byqz,14,0.9861,0.0139,13.55,25.13,5.05,10.0,24.97,7.2028,1.289,0.9861,1
bmg2026bvpt,0,0.9911,0.0089,11.11,83.93,5.68,124.0,86.12,7.2028,1.289,0.9911,0
bmg2026bvpt,1,0.9915,0.0085,10.52,81.51,5.68,124.0,86.12,7.2028,1.289,0.9915,0
bmg2026bvpt,2,0.9874,0.0126,13.34,84.9,5.68,124.0,86.12,7.2028,1.289,0.9874,0
bmg2026bvpt,3,0.9896,0.0104,11.5,83.17,5.68,124.0,86.12,7.2028,1.289,0.9896,0
bmg2026bvpt,4,0.9847,0.0153,13.89,86.57,5.68,124.0,86.12,7.2028,1.289,0.9847,0
bmg2026bvpt,5,0.9848,0.0152,14.27,87.86,5.68,124.0,86.12,7.2028,1.289,0.9848,0
bmg2026bvpt,6,0.9886,0.0114,12.69,83.2,5.68,124.0,86.12,7.2028,1.289,0.9886,0
bmg2026bvpt,7,0.9867,0.0133,13.45,84.4,5.68,124.0,86.12,7.2028,1.289,0.9867,0
bmg2026bvpt,8,0.9883,0.0117,12.43,83.31,5.68,124.0,86.12,7.2028,1.289,0.9883,0
bmg2026bvpt,9,0.9905,0.0095,11.05,82.82,5.68,124.0,86.12,7.2028,1.289,0.9905,0
bmg2026bvpt,10,0.991,0.009,11.21,80.8,5.68,124.0,86.12,7.2028,1.289,0.991,0
bmg2026bvpt,11,0.9844,0.0156,14.29,87.27,5.68,124.0,86.12,7.2028,1.289,0.9844,0
bmg2026bvpt,12,0.987,0.013,13.47,86.43,5.68,124.0,86.12,7.2028,1.289,0.987,0
bmg2026bvpt,13,0.9861,0.0139,13.55,85.52,5.68,124.0,86.12,7.2028,1.289,0.9861,0
bmg2026bvpt,14,0.9848,0.0152,14.74,86.67,5.68,124.0,86.12,7.2028,1.289,0.9848,0
bmg2026bttj,0,0.9915,0.0085,10.52,23.95,5.09,166.0,27.82,7.2028,1.289,0.9915,0
bmg2026bttj,1,0.9874,0.0126,13.34,27.33,5.09,166.0,27.82,7.2028,1.289,0.9874,0
bmg2026bttj,2,0.9896,0.0104,11.5,25.61,5.09,166.0,27.82,7.2028,1.289,0.9896,0
bmg2026bttj,3,0.9847,0.0153,13.89,29.01,5.09,166.0,27.82,7.2028,1.289,0.9847,0
bmg2026bttj,4,0.9848,0.0152,14.27,30.3,5.09,166.0,27.82,7.2028,1.289,0.9848,0
bmg2026bttj,5,0.9886,0.0114,12.69,25.64,5.09,166.0,27.82,7.2028,1.289,0.9886,0
bmg2026bttj,6,0.9867,0.0133,13.45,26.84,5.09,166.0,27.82,7.2028,1.289,0.9867,0
bmg2026bttj,7,0.9883,0.0117,12.43,25.75,5.09,166.0,27.82,7.2028,1.289,0.9883,0
bmg2026bttj,8,0.9905,0.0095,11.05,25.26,5.09,166.0,27.82,7.2028,1.289,0.9905,0
bmg2026bttj,9,0.991,0.009,11.21,23.24,5.09,166.0,27.82,7.2028,1.289,0.991,0
bmg2026bttj,10,0.9844,0.0156,14.29,29.71,5.09,166.0,27.82,7.2028,1.289,0.9844,0
bmg2026bttj,11,0.987,0.013,13.47,28.87,5.09,166.0,27.82,7.2028,1.289,0.987,0
bmg2026bttj,12,0.9861,0.0139,13.55,27.96,5.09,166.0,27.82,7.2028,1.289,0.9861,0
bmg2026bttj,13,0.9848,0.0152,14.74,29.11,5.09,166.0,27.82,7.2028,1.289,0.9848,0
bmg2026bttj,14,0.9857,0.0143,14.14,28.53,5.09,166.0,27.82,7.2028,1.289,0.9857,0
bmg2026bsis,0,0.9874,0.0126,13.34,21.29,5.12,111.0,21.74,7.2028,1.289,0.9874,0
bmg2026bsis,1,0.9896,0.0104,11.5,19.57,5.12,111.0,21.74,7.2028,1.289,0.9896,0
bmg2026bsis,2,0.9847,0.0153,13.89,22.97,5.12,111.0,21.74,7.2028,1.289,0.9847,0
bmg2026bsis,3,0.9848,0.0152,14.27,24.26,5.12,111.0,21.74,7.2028,1.289,0.9848,0
bmg2026bsis,4,0.9886,0.0114,12.69,19.6,5.12,111.0,21.74,7.2028,1.289,0.9886,0
bmg2026bsis,5,0.9867,0.0133,13.45,20.8,5.12,111.0,21.74,7.2028,1.289,0.9867,0
bmg2026bsis,6,0.9883,0.0117,12.43,19.71,5.12,111.0,21.74,7.2028,1.289,0.9883,0
bmg2026bsis,7,0.9905,0.0095,11.05,19.22,5.12,111.0,21.74,7.2028,1.289,0.9905,0
bmg2026bsis,8,0.991,0.009,11.21,17.2,5.12,111.0,21.74,7.2028,1.289,0.991,0
bmg2026bsis,9,0.9844,0.0156,14.29,23.67,5.12,111.0,21.74,7.2028,1.289,0.9844,0
bmg2026bsis,10,0.987,0.013,13.47,22.83,5.12,111.0,21.74,7.2028,1.289,0.987,0
bmg2026bsis,11,0.9861,0.0139,13.55,21.92,5.12,111.0,21.74,7.2028,1.289,0.9861,0
bmg2026bsis,12,0.9848,0.0152,14.74,23.07,5.12,111.0,21.74,7.2028,1.289,0.9848,0
bmg2026bsis,13,0.9857,0.0143,14.14,22.49,5.12,111.0,21.74,7.2028,1.289,0.9857,0
bmg2026bsis,14,0.9893,0.0107,12.32,20.89,5.12,111.0,21.74,7.2028,1.289,0.9893,0
bmg2026bqvw,0,0.9896,0.0104,11.5,18.35,5.02,172.0,16.19,7.2028,1.289,0.9896,0
bmg2026bqvw,1,0.9847,0.0153,13.89,14.95,5.02,172.0,16.19,7.2028,1.289,0.9847,0
bmg2026bqvw,2,0.9848,0.0152,14.27,13.67,5.02,172.0,16.19,7.2028,1.289,0.9848,0
bmg2026bqvw,3,0.9886,0.0114,12.69,18.32,5.02,172.0,16.19,7.2028,1.289,0.9886,0
bmg2026bqvw,4,0.9867,0.0133,13.45,17.12,5.02,172.0,16.19,7.2028,1.289,0.9867,0
bmg2026bqvw,5,0.9883,0.0117,12.43,18.22,5.02,172.0,16.19,7.2028,1.289,0.9883,0
bmg2026bqvw,6,0.9905,0.0095,11.05,18.7,5.02,172.0,16.19,7.2028,1.289,0.9905,0
bmg2026bqvw,7,0.991,0.009,11.21,20.72,5.02,172.0,16.19,7.2028,1.289,0.991,0
bmg2026bqvw,8,0.9844,0.0156,14.29,14.26,5.02,172.0,16.19,7.2028,1.289,0.9844,0
bmg2026bqvw,9,0.987,0.013,13.47,15.09,5.02,172.0,16.19,7.2028,1.289,0.987,0
bmg2026bqvw,10,0.9861,0.0139,13.55,16.01,5.02,172.0,16.19,7.2028,1.289,0.9861,0
bmg2026bqvw,11,0.9848,0.0152,14.74,14.86,5.02,172.0,16.19,7.2028,1.289,0.9848,0
bmg2026bqvw,12,0.9857,0.0143,14.14,15.43,5.02,172.0,16.19,7.2028,1.289,0.9857,0
bmg2026bqvw,13,0.9893,0.0107,12.32,17.04,5.02,172.0,16.19,7.2028,1.289,0.9893,0
bmg2026bqvw,14,0.9826,0.0174,15.52,13.96,5.02,172.0,16.19,7.2028,1.289,0.9826,0
bmg2026bmhc,0,0.9886,0.0114,12.69,3.14,5.13,81.0,3.2,7.2028,1.289,0.9886,0
bmg2026bmhc,1,0.9867,0.0133,13.45,1.94,5.13,81.0,3.2,7.2028,1.289,0.9867,0
bmg2026bmhc,2,0.9883,0.0117,12.43,3.04,5.13,81.0,3.2,7.2028,1.289,0.9883,0
bmg2026bmhc,3,0.9905,0.0095,11.05,3.52,5.13,81.0,3.2,7.2028,1.289,0.9905,0
bmg2026bmhc,4,0.991,0.009,11.21,5.54,5.13,81.0,3.2,7.2028,1.289,0.991,0
bmg2026bmhc,5,0.9844,0.0156,14.29,0.92,5.13,81.0,3.2,7.2028,1.289,0.9844,0
bmg2026bmhc,6,0.987,0.013,13.47,0.09,5.13,81.0,3.2,7.2028,1.289,0.987,0
bmg2026bmhc,7,0.9861,0.0139,13.55,0.83,5.13,81.0,3.2,7.2028,1.289,0.9861,0
bmg2026bmhc,8,0.9848,0.0152,14.74,0.32,5.13,81.0,3.2,7.2028,1.289,0.9848,0
bmg2026bmhc,9,0.9857,0.0143,14.14,0.25,5.13,81.0,3.2,7.2028,1.289,0.9857,0
bmg2026bmhc,10,0.9893,0.0107,12.32,1.86,5.13,81.0,3.2,7.2028,1.289,0.9893,0
bmg2026bmhc,11,0.9826,0.0174,15.52,1.22,5.13,81.0,3.2,7.2028,1.289,0.9826,0
bmg2026bmhc,12,0.991,0.009,10.77,5.06,5.13,81.0,3.2,7.2028,1.289,0.991,0
bmg2026bmhc,13,0.9851,0.0149,14.62,0.05,5.13,81.0,3.2,7.2028,1.289,0.9851,0
bmg2026bmhc,14,0.982,0.018,15.78,1.9,5.13,81.0,3.2,7.2028,1.289,0.982,0
bmg2026bkzp,0,0.9886,0.0114,12.69,22.5,5.4,137.0,24.65,7.2028,1.289,0.9886,0
bmg2026bkzp,1,0.9867,0.0133,13.45,23.7,5.4,137.0,24.65,7.2028,1.289,0.9867,0
bmg2026bkzp,2,0.9883,0.0117,12.43,22.61,5.4,137.0,24.65,7.2028,1.289,0.9883,0
bmg2026bkzp,3,0.9905,0.0095,11.05,22.12,5.4,137.0,24.65,7.2028,1.289,0.9905,0
bmg2026bkzp,4,0.991,0.009,11.21,20.1,5.4,137.0,24.65,7.2028,1.289,0.991,0
bmg2026bkzp,5,0.9844,0.0156,14.29,26.57,5.4,137.0,24.65,7.2028,1.289,0.9844,0
bmg2026bkzp,6,0.987,0.013,13.47,25.73,5.4,137.0,24.65,7.2028,1.289,0.987,0
bmg2026bkzp,7,0.9861,0.0139,13.55,24.81,5.4,137.0,24.65,7.2028,1.289,0.9861,0
bmg2026bkzp,8,0.9848,0.0152,14.74,25.97,5.4,137.0,24.65,7.2028,1.289,0.9848,0
bmg2026bkzp,9,0.9857,0.0143,14.14,25.39,5.4,137.0,24.65,7.2028,1.289,0.9857,0
bmg2026bkzp,10,0.9893,0.0107,12.32,23.78,5.4,137.0,24.65,7.2028,1.289,0.9893,0
bmg2026bkzp,11,0.9826,0.0174,15.52,26.86,5.4,137.0,24.65,7.2028,1.289,0.9826,0
bmg2026bkzp,12,0.991,0.009,10.77,20.59,5.4,137.0,24.65,7.2028,1.289,0.991,0
bmg2026bkzp,13,0.9851,0.0149,14.62,25.69,5.4,137.0,24.65,7.2028,1.289,0.9851,0
bmg2026bkzp,14,0.982,0.018,15.78,27.55,5.4,137.0,24.65,7.2028,1.289,0.982,0
bmg2026bgky,0,0.9905,0.0095,11.05,1.97,5.01,68.0,2.43,7.2028,1.289,0.9905,0
bmg2026bgky,1,0.991,0.009,11.21,3.99,5.01,68.0,2.43,7.2028,1.289,0.991,0
bmg2026bgky,2,0.9844,0.0156,14.29,2.47,5.01,68.0,2.43,7.2028,1.289,0.9844,0
bmg2026bgky,3,0.987,0.013,13.47,1.64,5.01,68.0,2.43,7.2028,1.289,0.987,0
bmg2026bgky,4,0.9861,0.0139,13.55,0.72,5.01,68.0,2.43,7.2028,1.289,0.9861,0
bmg2026bgky,5,0.9848,0.0152,14.74,1.87,5.01,68.0,2.43,7.2028,1.289,0.9848,0
bmg2026bgky,6,0.9857,0.0143,14.14,1.3,5.01,68.0,2.43,7.2028,1.289,0.9857,0
bmg2026bgky,7,0.9893,0.0107,12.32,0.31,5.01,68.0,2.43,7.2028,1.289,0.9893,0
bmg2026bgky,8,0.9826,0.0174,15.52,2.77,5.01,68.0,2.43,7.2028,1.289,0.9826,0
bmg2026bgky,9,0.991,0.009,10.77,3.51,5.01,68.0,2.43,7.2028,1.289,0.991,0
bmg2026bgky,10,0.9851,0.0149,14.62,1.6,5.01,68.0,2.43,7.2028,1.289,0.9851,0
bmg2026bgky,11,0.982,0.018,15.78,3.46,5.01,68.0,2.43,7.2028,1.289,0.982,0
bmg2026bgky,12,0.9887,0.0113,12.04,0.15,5.01,68.0,2.43,7.2028,1.289,0.9887,0
bmg2026bgky,13,0.987,0.013,13.12,0.29,5.01,68.0,2.43,7.2028,1.289,0.987,0
bmg2026bgky,14,0.9916,0.0084,10.56,2.58,5.01,68.0,2.43,7.2028,1.289,0.9916,0
bmg2026bfka,0,0.9905,0.0095,11.05,3.84,5.13,43.0,2.48,7.2028,1.289,0.9905,1
bmg2026bfka,1,0.991,0.009,11.21,5.86,5.13,43.0,2.48,7.2028,1.289,0.991,1
bmg2026bfka,2,0.9844,0.0156,14.29,0.61,5.13,43.0,2.48,7.2028,1.289,0.9844,1
bmg2026bfka,3,0.987,0.013,13.47,0.23,5.13,43.0,2.48,7.2028,1.289,0.987,1
bmg2026bfka,4,0.9861,0.0139,13.55,1.14,5.13,43.0,2.48,7.2028,1.289,0.9861,1
bmg2026bfka,5,0.9848,0.0152,14.74,0.01,5.13,43.0,2.48,7.2028,1.289,0.9848,1
bmg2026bfka,6,0.9857,0.0143,14.14,0.57,5.13,43.0,2.48,7.2028,1.289,0.9857,1
bmg2026bfka,7,0.9893,0.0107,12.32,2.17,5.13,43.0,2.48,7.2028,1.289,0.9893,1
bmg2026bfka,8,0.9826,0.0174,15.52,0.9,5.13,43.0,2.48,7.2028,1.289,0.9826,1
bmg2026bfka,9,0.991,0.009,10.77,5.37,5.13,43.0,2.48,7.2028,1.289,0.991,1
bmg2026bfka,10,0.9851,0.0149,14.62,0.27,5.13,43.0,2.48,7.2028,1.289,0.9851,1
bmg2026bfka,11,0.982,0.018,15.78,1.59,5.13,43.0,2.48,7.2028,1.289,0.982,1
bmg2026bfka,12,0.9887,0.0113,12.04,1.72,5.13,43.0,2.48,7.2028,1.289,0.9887,1
bmg2026bfka,13,0.987,0.013,13.12,1.58,5.13,43.0,2.48,7.2028,1.289,0.987,1
bmg2026bfka,14,0.9916,0.0084,10.56,4.45,5.13,43.0,2.48,7.2028,1.289,0.9916,1
bmg2026bdft,0,0.9844,0.0156,14.29,15.28,5.15,73.0,13.34,7.2028,1.289,0.9844,0
bmg2026bdft,1,0.987,0.013,13.47,14.44,5.15,73.0,13.34,7.2028,1.289,0.987,0
bmg2026bdft,2,0.9861,0.0139,13.55,13.53,5.15,73.0,13.34,7.2028,1.289,0.9861,0
bmg2026bdft,3,0.9848,0.0152,14.74,14.68,5.15,73.0,13.34,7.2028,1.289,0.9848,0
bmg2026bdft,4,0.9857,0.0143,14.14,14.11,5.15,73.0,13.34,7.2028,1.289,0.9857,0
bmg2026bdft,5,0.9893,0.0107,12.32,12.5,5.15,73.0,13.34,7.2028,1.289,0.9893,0
bmg2026bdft,6,0.9826,0.0174,15.52,15.58,5.15,73.0,13.34,7.2028,1.289,0.9826,0
bmg2026bdft,7,0.991,0.009,10.77,9.3,5.15,73.0,13.34,7.2028,1.289,0.991,0
bmg2026bdft,8,0.9851,0.0149,14.62,14.4,5.15,73.0,13.34,7.2028,1.289,0.9851,0
bmg2026bdft,9,0.982,0.018,15.78,16.26,5.15,73.0,13.34,7.2028,1.289,0.982,0
bmg2026bdft,10,0.9887,0.0113,12.04,12.95,5.15,73.0,13.34,7.2028,1.289,0.9887,0
bmg2026bdft,11,0.987,0.013,13.12,13.1,5.15,73.0,13.34,7.2028,1.289,0.987,0
bmg2026bdft,12,0.9916,0.0084,10.56,10.23,5.15,73.0,13.34,7.2028,1.289,0.9916,0
bmg2026bdft,13,0.9826,0.0174,15.45,16.1,5.15,73.0,13.34,7.2028,1.289,0.9826,0
bmg2026bdft,14,0.9941,0.0059,9.02,6.08,5.15,73.0,13.34,7.2028,1.289,0.9941,0
bmg2026arpe,0,0.9826,0.0174,15.52,7.65,6.41,68.0,9.89,7.2028,1.289,0.9826,0
bmg2026arpe,1,0.991,0.009,10.77,13.93,6.41,68.0,9.89,7.2028,1.289,0.991,0
bmg2026arpe,2,0.9851,0.0149,14.62,8.83,6.41,68.0,9.89,7.2028,1.289,0.9851,0
bmg2026arpe,3,0.982,0.018,15.78,6.97,6.41,68.0,9.89,7.2028,1.289,0.982,0
bmg2026arpe,4,0.9887,0.0113,12.04,10.28,6.41,68.0,9.89,7.2028,1.289,0.9887,0
bmg2026arpe,5,0.987,0.013,13.12,10.13,6.41,68.0,9.89,7.2028,1.289,0.987,0
bmg2026arpe,6,0.9916,0.0084,10.56,13.0,6.41,68.0,9.89,7.2028,1.289,0.9916,0
bmg2026arpe,7,0.9826,0.0174,15.45,7.13,6.41,68.0,9.89,7.2028,1.289,0.9826,0
bmg2026arpe,8,0.9941,0.0059,9.02,17.15,6.41,68.0,9.89,7.2028,1.289,0.9941,0
bmg2026arpe,9,0.9895,0.0105,11.62,12.47,6.41,68.0,9.89,7.2028,1.289,0.9895,0
bmg2026anyd,0,0.9851,0.0149,14.62,5.26,5.03,3.0,4.19,7.2028,1.289,0.9851,1
bmg2026anyd,1,0.982,0.018,15.78,7.12,5.03,3.0,4.19,7.2028,1.289,0.982,1
bmg2026anyd,2,0.9887,0.0113,12.04,3.81,5.03,3.0,4.19,7.2028,1.289,0.9887,1
bmg2026anyd,3,0.987,0.013,13.12,3.95,5.03,3.0,4.19,7.2028,1.289,0.987,1
bmg2026anyd,4,0.9916,0.0084,10.56,1.08,5.03,3.0,4.19,7.2028,1.289,0.9916,1
bmg2026anyd,5,0.9826,0.0174,15.45,6.96,5.03,3.0,4.19,7.2028,1.289,0.9826,1
bmg2026anyd,6,0.9941,0.0059,9.02,3.06,5.03,3.0,4.19,7.2028,1.289,0.9941,1
bmg2026anyd,7,0.9895,0.0105,11.62,1.62,5.03,3.0,4.19,7.2028,1.289,0.9895,1
bmg2026amkn,0,0.982,0.018,15.78,27.51,5.19,163.0,24.61,7.2028,1.289,0.982,0
bmg2026amkn,1,0.9887,0.0113,12.04,24.2,5.19,163.0,24.61,7.2028,1.289,0.9887,0
bmg2026amkn,2,0.987,0.013,13.12,24.34,5.19,163.0,24.61,7.2028,1.289,0.987,0
bmg2026amkn,3,0.9916,0.0084,10.56,21.47,5.19,163.0,24.61,7.2028,1.289,0.9916,0
bmg2026amkn,4,0.9826,0.0174,15.45,27.35,5.19,163.0,24.61,7.2028,1.289,0.9826,0
bmg2026amkn,5,0.9941,0.0059,9.02,17.33,5.19,163.0,24.61,7.2028,1.289,0.9941,0
bmg2026amkn,6,0.9895,0.0105,11.62,22.01,5.19,163.0,24.61,7.2028,1.289,0.9895,0
bmg2026afkz,0,0.9826,0.0174,15.45,12.93,5.01,21.0,15.7,7.2028,1.289,0.9826,1
bmg2026afkz,1,0.9941,0.0059,9.02,22.96,5.01,21.0,15.7,7.2028,1.289,0.9941,1
bmg2026afkz,2,0.9895,0.0105,11.62,18.27,5.01,21.0,15.7,7.2028,1.289,0.9895,1
bmg2026edho,0,0.9918,0.0082,10.77,16.77,5.71,54.0,14.81,7.2028,1.289,0.9918,0
bmg2026edho,1,0.9848,0.0152,14.87,13.63,5.71,54.0,14.81,7.2028,1.289,0.9848,0
bmg2026edho,2,0.9889,0.0111,12.31,16.86,5.71,54.0,14.81,7.2028,1.289,0.9889,0
bmg2026edho,3,0.9909,0.0091,10.91,20.0,5.71,54.0,14.81,7.2028,1.289,0.9909,0
bmg2026edho,4,0.9927,0.0073,9.62,19.46,5.71,54.0,14.81,7.2028,1.289,0.9927,0
bmg2026edho,5,0.9878,0.0122,12.54,15.54,5.71,54.0,14.81,7.2028,1.289,0.9878,0
bmg2026edho,6,0.9888,0.0112,11.99,16.62,5.71,54.0,14.81,7.2028,1.289,0.9888,0
bmg2026edho,7,0.9936,0.0064,8.94,19.77,5.71,54.0,14.81,7.2028,1.289,0.9936,0
bmg2026edho,8,0.9882,0.0118,12.28,16.31,5.71,54.0,14.81,7.2028,1.289,0.9882,0
bmg2026edho,9,0.9927,0.0073,10.11,18.99,5.71,54.0,14.81,7.2028,1.289,0.9927,0
bmg2026edho,10,0.9911,0.0089,11.13,18.5,5.71,54.0,14.81,7.2028,1.289,0.9911,0
bmg2026edho,11,0.9894,0.0106,11.62,16.71,5.71,54.0,14.81,7.2028,1.289,0.9894,0
bmg2026edho,12,0.9922,0.0078,10.02,18.06,5.71,54.0,14.81,7.2028,1.289,0.9922,0
bmg2026edho,13,0.99,0.01,11.54,17.88,5.71,54.0,14.81,7.2028,1.289,0.99,0
bmg2026edho,14,0.9893,0.0107,12.22,15.82,5.71,54.0,14.81,7.2028,1.289,0.9893,0
bmg2026ecmu,0,0.9918,0.0082,10.77,13.69,5.49,4.0,11.75,7.2028,1.289,0.9918,1
bmg2026ecmu,1,0.9848,0.0152,14.87,10.56,5.49,4.0,11.75,7.2028,1.289,0.9848,1
bmg2026ecmu,2,0.9889,0.0111,12.31,13.78,5.49,4.0,11.75,7.2028,1.289,0.9889,1
bmg2026ecmu,3,0.9909,0.0091,10.91,16.92,5.49,4.0,11.75,7.2028,1.289,0.9909,1
bmg2026ecmu,4,0.9927,0.0073,9.62,16.38,5.49,4.0,11.75,7.2028,1.289,0.9927,1
bmg2026ecmu,5,0.9878,0.0122,12.54,12.47,5.49,4.0,11.75,7.2028,1.289,0.9878,1
bmg2026ecmu,6,0.9888,0.0112,11.99,13.54,5.49,4.0,11.75,7.2028,1.289,0.9888,1
bmg2026ecmu,7,0.9936,0.0064,8.94,16.7,5.49,4.0,11.75,7.2028,1.289,0.9936,1
bmg2026ecmu,8,0.9882,0.0118,12.28,13.23,5.49,4.0,11.75,7.2028,1.289,0.9882,1
bmg2026ecmu,9,0.9927,0.0073,10.11,15.92,5.49,4.0,11.75,7.2028,1.289,0.9927,1
bmg2026ecmu,10,0.9911,0.0089,11.13,15.42,5.49,4.0,11.75,7.2028,1.289,0.9911,1
bmg2026ecmu,11,0.9894,0.0106,11.62,13.64,5.49,4.0,11.75,7.2028,1.289,0.9894,1
bmg2026ecmu,12,0.9922,0.0078,10.02,14.99,5.49,4.0,11.75,7.2028,1.289,0.9922,1
bmg2026ecmu,13,0.99,0.01,11.54,14.81,5.49,4.0,11.75,7.2028,1.289,0.99,1
bmg2026ecmu,14,0.9893,0.0107,12.22,12.75,5.49,4.0,11.75,7.2028,1.289,0.9893,1
bmg2026dvgo,0,0.9927,0.0073,9.62,6.63,5.36,10.0,11.27,7.2028,1.289,0.9927,1
bmg2026dvgo,1,0.9878,0.0122,12.54,10.54,5.36,10.0,11.27,7.2028,1.289,0.9878,1
bmg2026dvgo,2,0.9888,0.0112,11.99,9.47,5.36,10.0,11.27,7.2028,1.289,0.9888,1
bmg2026dvgo,3,0.9936,0.0064,8.94,6.31,5.36,10.0,11.27,7.2028,1.289,0.9936,1
bmg2026dvgo,4,0.9882,0.0118,12.28,9.78,5.36,10.0,11.27,7.2028,1.289,0.9882,1
bmg2026dvgo,5,0.9927,0.0073,10.11,7.09,5.36,10.0,11.27,7.2028,1.289,0.9927,1
bmg2026dvgo,6,0.9911,0.0089,11.13,7.59,5.36,10.0,11.27,7.2028,1.289,0.9911,1
bmg2026dvgo,7,0.9894,0.0106,11.62,9.37,5.36,10.0,11.27,7.2028,1.289,0.9894,1
bmg2026dvgo,8,0.9922,0.0078,10.02,8.02,5.36,10.0,11.27,7.2028,1.289,0.9922,1
bmg2026dvgo,9,0.99,0.01,11.54,8.2,5.36,10.0,11.27,7.2028,1.289,0.99,1
bmg2026dvgo,10,0.9893,0.0107,12.22,10.26,5.36,10.0,11.27,7.2028,1.289,0.9893,1
bmg2026dvgo,11,0.9836,0.0164,15.3,14.2,5.36,10.0,11.27,7.2028,1.289,0.9836,1
bmg2026dvgo,12,0.9888,0.0112,12.47,10.36,5.36,10.0,11.27,7.2028,1.289,0.9888,1
bmg2026dvgo,13,0.9899,0.0101,11.55,9.4,5.36,10.0,11.27,7.2028,1.289,0.9899,1
bmg2026dvgo,14,0.9872,0.0128,12.93,11.26,5.36,10.0,11.27,7.2028,1.289,0.9872,1
bmg2026dlon,0,0.9927,0.0073,10.11,14.44,5.57,10.0,10.27,7.2028,1.289,0.9927,1
bmg2026dlon,1,0.9911,0.0089,11.13,13.94,5.57,10.0,10.27,7.2028,1.289,0.9911,1
bmg2026dlon,2,0.9894,0.0106,11.62,12.16,5.57,10.0,10.27,7.2028,1.289,0.9894,1
bmg2026dlon,3,0.9922,0.0078,10.02,13.51,5.57,10.0,10.27,7.2028,1.289,0.9922,1
bmg2026dlon,4,0.99,0.01,11.54,13.33,5.57,10.0,10.27,7.2028,1.289,0.99,1
bmg2026dlon,5,0.9893,0.0107,12.22,11.27,5.57,10.0,10.27,7.2028,1.289,0.9893,1
bmg2026dlon,6,0.9836,0.0164,15.3,7.33,5.57,10.0,10.27,7.2028,1.289,0.9836,1
bmg2026dlon,7,0.9888,0.0112,12.47,11.17,5.57,10.0,10.27,7.2028,1.289,0.9888,1
bmg2026dlon,8,0.9899,0.0101,11.55,12.14,5.57,10.0,10.27,7.2028,1.289,0.9899,1
bmg2026dlon,9,0.9872,0.0128,12.93,10.28,5.57,10.0,10.27,7.2028,1.289,0.9872,1
bmg2026dlon,10,0.9944,0.0056,8.51,15.68,5.57,10.0,10.27,7.2028,1.289,0.9944,1
bmg2026dlon,11,0.9849,0.0151,14.4,9.22,5.57,10.0,10.27,7.2028,1.289,0.9849,1
bmg2026dlon,12,0.9853,0.0147,14.46,8.01,5.57,10.0,10.27,7.2028,1.289,0.9853,1
bmg2026dlon,13,0.9884,0.0116,12.7,9.96,5.57,10.0,10.27,7.2028,1.289,0.9884,1
bmg2026dlon,14,0.982,0.018,15.98,7.37,5.57,10.0,10.27,7.2028,1.289,0.982,1
bmg2026dgnb,0,0.9922,0.0078,10.02,145.95,5.16,61.0,142.74,7.2028,1.289,0.9922,0
bmg2026dgnb,1,0.99,0.01,11.54,145.77,5.16,61.0,142.74,7.2028,1.289,0.99,0
bmg2026dgnb,2,0.9893,0.0107,12.22,143.71,5.16,61.0,142.74,7.2028,1.289,0.9893,0
bmg2026dgnb,3,0.9836,0.0164,15.3,139.77,5.16,61.0,142.74,7.2028,1.289,0.9836,0
bmg2026dgnb,4,0.9888,0.0112,12.47,143.61,5.16,61.0,142.74,7.2028,1.289,0.9888,0
bmg2026dgnb,5,0.9899,0.0101,11.55,144.58,5.16,61.0,142.74,7.2028,1.289,0.9899,0
bmg2026dgnb,6,0.9872,0.0128,12.93,142.72,5.16,61.0,142.74,7.2028,1.289,0.9872,0
bmg2026dgnb,7,0.9944,0.0056,8.51,148.12,5.16,61.0,142.74,7.2028,1.289,0.9944,0
bmg2026dgnb,8,0.9849,0.0151,14.4,141.66,5.16,61.0,142.74,7.2028,1.289,0.9849,0
bmg2026dgnb,9,0.9853,0.0147,14.46,140.45,5.16,61.0,142.74,7.2028,1.289,0.9853,0
bmg2026dgnb,10,0.9884,0.0116,12.7,142.4,5.16,61.0,142.74,7.2028,1.289,0.9884,0
bmg2026dgnb,11,0.982,0.018,15.98,139.81,5.16,61.0,142.74,7.2028,1.289,0.982,0
bmg2026dgnb,12,0.9914,0.0086,10.91,146.49,5.16,61.0,142.74,7.2028,1.289,0.9914,0
bmg2026dgnb,13,0.9825,0.0175,15.43,140.83,5.16,61.0,142.74,7.2028,1.289,0.9825,0
bmg2026dgnb,14,0.9883,0.0117,12.59,142.49,5.16,61.0,142.74,7.2028,1.289,0.9883,0
bmg2026ddso,0,0.9893,0.0107,12.22,15.95,5.39,59.0,14.94,7.2028,1.289,0.9893,0
bmg2026ddso,1,0.9836,0.0164,15.3,12.01,5.39,59.0,14.94,7.2028,1.289,0.9836,0
bmg2026ddso,2,0.9888,0.0112,12.47,15.85,5.39,59.0,14.94,7.2028,1.289,0.9888,0
bmg2026ddso,3,0.9899,0.0101,11.55,16.82,5.39,59.0,14.94,7.2028,1.289,0.9899,0
bmg2026ddso,4,0.9872,0.0128,12.93,14.96,5.39,59.0,14.94,7.2028,1.289,0.9872,0
bmg2026ddso,5,0.9944,0.0056,8.51,20.36,5.39,59.0,14.94,7.2028,1.289,0.9944,0
bmg2026ddso,6,0.9849,0.0151,14.4,13.9,5.39,59.0,14.94,7.2028,1.289,0.9849,0
bmg2026ddso,7,0.9853,0.0147,14.46,12.69,5.39,59.0,14.94,7.2028,1.289,0.9853,0
bmg2026ddso,8,0.9884,0.0116,12.7,14.64,5.39,59.0,14.94,7.2028,1.289,0.9884,0
bmg2026ddso,9,0.982,0.018,15.98,12.05,5.39,59.0,14.94,7.2028,1.289,0.982,0
bmg2026ddso,10,0.9914,0.0086,10.91,18.73,5.39,59.0,14.94,7.2028,1.289,0.9914,0
bmg2026ddso,11,0.9825,0.0175,15.43,13.07,5.39,59.0,14.94,7.2028,1.289,0.9825,0
bmg2026ddso,12,0.9883,0.0117,12.59,14.73,5.39,59.0,14.94,7.2028,1.289,0.9883,0
bmg2026ddso,13,0.9868,0.0132,13.21,16.43,5.39,59.0,14.94,7.2028,1.289,0.9868,0
bmg2026ddso,14,0.9817,0.0183,16.25,11.83,5.39,59.0,14.94,7.2028,1.289,0.9817,0
bmg2026dcqk,0,0.9893,0.0107,12.22,10.74,5.1,24.0,11.74,7.2028,1.289,0.9893,1
bmg2026dcqk,1,0.9836,0.0164,15.3,14.68,5.1,24.0,11.74,7.2028,1.289,0.9836,1
bmg2026dcqk,2,0.9888,0.0112,12.47,10.84,5.1,24.0,11.74,7.2028,1.289,0.9888,1
bmg2026dcqk,3,0.9899,0.0101,11.55,9.87,5.1,24.0,11.74,7.2028,1.289,0.9899,1
bmg2026dcqk,4,0.9872,0.0128,12.93,11.73,5.1,24.0,11.74,7.2028,1.289,0.9872,1
bmg2026dcqk,5,0.9944,0.0056,8.51,6.33,5.1,24.0,11.74,7.2028,1.289,0.9944,1
bmg2026dcqk,6,0.9849,0.0151,14.4,12.79,5.1,24.0,11.74,7.2028,1.289,0.9849,1
bmg2026dcqk,7,0.9853,0.0147,14.46,14.0,5.1,24.0,11.74,7.2028,1.289,0.9853,1
bmg2026dcqk,8,0.9884,0.0116,12.7,12.05,5.1,24.0,11.74,7.2028,1.289,0.9884,1
bmg2026dcqk,9,0.982,0.018,15.98,14.64,5.1,24.0,11.74,7.2028,1.289,0.982,1
bmg2026dcqk,10,0.9914,0.0086,10.91,7.96,5.1,24.0,11.74,7.2028,1.289,0.9914,1
bmg2026dcqk,11,0.9825,0.0175,15.43,13.62,5.1,24.0,11.74,7.2028,1.289,0.9825,1
bmg2026dcqk,12,0.9883,0.0117,12.59,11.95,5.1,24.0,11.74,7.2028,1.289,0.9883,1
bmg2026dcqk,13,0.9868,0.0132,13.21,10.26,5.1,24.0,11.74,7.2028,1.289,0.9868,1
bmg2026dcqk,14,0.9817,0.0183,16.25,14.86,5.1,24.0,11.74,7.2028,1.289,0.9817,1
bmg2026dcme,0,0.9893,0.0107,12.22,13.31,5.18,27.0,12.31,7.2028,1.289,0.9893,1
bmg2026dcme,1,0.9836,0.0164,15.3,9.38,5.18,27.0,12.31,7.2028,1.289,0.9836,1
bmg2026dcme,2,0.9888,0.0112,12.47,13.22,5.18,27.0,12.31,7.2028,1.289,0.9888,1
bmg2026dcme,3,0.9899,0.0101,11.55,14.18,5.18,27.0,12.31,7.2028,1.289,0.9899,1
bmg2026dcme,4,0.9872,0.0128,12.93,12.32,5.18,27.0,12.31,7.2028,1.289,0.9872,1
bmg2026dcme,5,0.9944,0.0056,8.51,17.73,5.18,27.0,12.31,7.2028,1.289,0.9944,1
bmg2026dcme,6,0.9849,0.0151,14.4,11.26,5.18,27.0,12.31,7.2028,1.289,0.9849,1
bmg2026dcme,7,0.9853,0.0147,14.46,10.06,5.18,27.0,12.31,7.2028,1.289,0.9853,1
bmg2026dcme,8,0.9884,0.0116,12.7,12.01,5.18,27.0,12.31,7.2028,1.289,0.9884,1
bmg2026dcme,9,0.982,0.018,15.98,9.42,5.18,27.0,12.31,7.2028,1.289,0.982,1
bmg2026dcme,10,0.9914,0.0086,10.91,16.1,5.18,27.0,12.31,7.2028,1.289,0.9914,1
bmg2026dcme,11,0.9825,0.0175,15.43,10.44,5.18,27.0,12.31,7.2028,1.289,0.9825,1
bmg2026dcme,12,0.9883,0.0117,12.59,12.1,5.18,27.0,12.31,7.2028,1.289,0.9883,1
bmg2026dcme,13,0.9868,0.0132,13.21,13.79,5.18,27.0,12.31,7.2028,1.289,0.9868,1
bmg2026dcme,14,0.9817,0.0183,16.25,9.19,5.18,27.0,12.31,7.2028,1.289,0.9817,1
bmg2026dbsf,0,0.9836,0.0164,15.3,6.83,5.63,10.0,9.77,7.2028,1.289,0.9836,1
bmg2026dbsf,1,0.9888,0.0112,12.47,10.68,5.63,10.0,9.77,7.2028,1.289,0.9888,1
bmg2026dbsf,2,0.9899,0.0101,11.55,11.64,5.63,10.0,9.77,7.2028,1.289,0.9899,1
bmg2026dbsf,3,0.9872,0.0128,12.93,9.78,5.63,10.0,9.77,7.2028,1.289,0.9872,1
bmg2026dbsf,4,0.9944,0.0056,8.51,15.19,5.63,10.0,9.77,7.2028,1.289,0.9944,1
bmg2026dbsf,5,0.9849,0.0151,14.4,8.72,5.63,10.0,9.77,7.2028,1.289,0.9849,1
bmg2026dbsf,6,0.9853,0.0147,14.46,7.51,5.63,10.0,9.77,7.2028,1.289,0.9853,1
bmg2026dbsf,7,0.9884,0.0116,12.7,9.47,5.63,10.0,9.77,7.2028,1.289,0.9884,1
bmg2026dbsf,8,0.982,0.018,15.98,6.88,5.63,10.0,9.77,7.2028,1.289,0.982,1
bmg2026dbsf,9,0.9914,0.0086,10.91,13.55,5.63,10.0,9.77,7.2028,1.289,0.9914,1
bmg2026dbsf,10,0.9825,0.0175,15.43,7.9,5.63,10.0,9.77,7.2028,1.289,0.9825,1
bmg2026dbsf,11,0.9883,0.0117,12.59,9.56,5.63,10.0,9.77,7.2028,1.289,0.9883,1
bmg2026dbsf,12,0.9868,0.0132,13.21,11.25,5.63,10.0,9.77,7.2028,1.289,0.9868,1
bmg2026dbsf,13,0.9817,0.0183,16.25,6.65,5.63,10.0,9.77,7.2028,1.289,0.9817,1
bmg2026dbsf,14,0.994,0.006,8.97,16.33,5.63,10.0,9.77,7.2028,1.289,0.994,1
bmg2026cpki,0,0.9884,0.0116,12.7,27.01,5.8,50.0,26.74,7.2028,1.289,0.9884,0
bmg2026cpki,1,0.982,0.018,15.98,29.6,5.8,50.0,26.74,7.2028,1.289,0.982,0
bmg2026cpki,2,0.9914,0.0086,10.91,22.93,5.8,50.0,26.74,7.2028,1.289,0.9914,0
bmg2026cpki,3,0.9825,0.0175,15.43,28.58,5.8,50.0,26.74,7.2028,1.289,0.9825,0
bmg2026cpki,4,0.9883,0.0117,12.59,26.92,5.8,50.0,26.74,7.2028,1.289,0.9883,0
bmg2026cpki,5,0.9868,0.0132,13.21,25.23,5.8,50.0,26.74,7.2028,1.289,0.9868,0
bmg2026cpki,6,0.9817,0.0183,16.25,29.83,5.8,50.0,26.74,7.2028,1.289,0.9817,0
bmg2026cpki,7,0.994,0.006,8.97,20.15,5.8,50.0,26.74,7.2028,1.289,0.994,0
bmg2026cpki,8,0.9832,0.0168,15.33,28.18,5.8,50.0,26.74,7.2028,1.289,0.9832,0
bmg2026cpki,9,0.9861,0.0139,13.49,28.39,5.8,50.0,26.74,7.2028,1.289,0.9861,0
bmg2026cpki,10,0.9911,0.0089,11.11,25.32,5.8,50.0,26.74,7.2028,1.289,0.9911,0
bmg2026cpki,11,0.9915,0.0085,10.52,22.89,5.8,50.0,26.74,7.2028,1.289,0.9915,0
bmg2026cpki,12,0.9874,0.0126,13.34,26.28,5.8,50.0,26.74,7.2028,1.289,0.9874,0
bmg2026cpki,13,0.9896,0.0104,11.5,24.56,5.8,50.0,26.74,7.2028,1.289,0.9896,0
bmg2026cpki,14,0.9847,0.0153,13.89,27.96,5.8,50.0,26.74,7.2028,1.289,0.9847,0
bmg2026cnil,0,0.982,0.018,15.98,90.88,5.85,63.0,88.5,7.2028,1.289,0.982,0
bmg2026cnil,1,0.9914,0.0086,10.91,84.21,5.85,63.0,88.5,7.2028,1.289,0.9914,0
bmg2026cnil,2,0.9825,0.0175,15.43,89.86,5.85,63.0,88.5,7.2028,1.289,0.9825,0
bmg2026cnil,3,0.9883,0.0117,12.59,88.2,5.85,63.0,88.5,7.2028,1.289,0.9883,0
bmg2026cnil,4,0.9868,0.0132,13.21,86.51,5.85,63.0,88.5,7.2028,1.289,0.9868,0
bmg2026cnil,5,0.9817,0.0183,16.25,91.11,5.85,63.0,88.5,7.2028,1.289,0.9817,0
bmg2026cnil,6,0.994,0.006,8.97,81.43,5.85,63.0,88.5,7.2028,1.289,0.994,0
bmg2026cnil,7,0.9832,0.0168,15.33,89.46,5.85,63.0,88.5,7.2028,1.289,0.9832,0
bmg2026cnil,8,0.9861,0.0139,13.49,89.67,5.85,63.0,88.5,7.2028,1.289,0.9861,0
bmg2026cnil,9,0.9911,0.0089,11.11,86.6,5.85,63.0,88.5,7.2028,1.289,0.9911,0
bmg2026cnil,10,0.9915,0.0085,10.52,84.17,5.85,63.0,88.5,7.2028,1.289,0.9915,0
bmg2026cnil,11,0.9874,0.0126,13.34,87.56,5.85,63.0,88.5,7.2028,1.289,0.9874,0
bmg2026cnil,12,0.9896,0.0104,11.5,85.84,5.85,63.0,88.5,7.2028,1.289,0.9896,0
bmg2026cnil,13,0.9847,0.0153,13.89,89.24,5.85,63.0,88.5,7.2028,1.289,0.9847,0
bmg2026cnil,14,0.9848,0.0152,14.27,90.52,5.85,63.0,88.5,7.2028,1.289,0.9848,0
bmg2026ckei,0,0.9914,0.0086,10.91,19.13,5.1,101.0,22.93,7.2028,1.289,0.9914,0
bmg2026ckei,1,0.9825,0.0175,15.43,24.79,5.1,101.0,22.93,7.2028,1.289,0.9825,0
bmg2026ckei,2,0.9883,0.0117,12.59,23.12,5.1,101.0,22.93,7.2028,1.289,0.9883,0
bmg2026ckei,3,0.9868,0.0132,13.21,21.43,5.1,101.0,22.93,7.2028,1.289,0.9868,0
bmg2026ckei,4,0.9817,0.0183,16.25,26.03,5.1,101.0,22.93,7.2028,1.289,0.9817,0
bmg2026ckei,5,0.994,0.006,8.97,16.35,5.1,101.0,22.93,7.2028,1.289,0.994,0
bmg2026ckei,6,0.9832,0.0168,15.33,24.39,5.1,101.0,22.93,7.2028,1.289,0.9832,0
bmg2026ckei,7,0.9861,0.0139,13.49,24.59,5.1,101.0,22.93,7.2028,1.289,0.9861,0
bmg2026ckei,8,0.9911,0.0089,11.11,21.52,5.1,101.0,22.93,7.2028,1.289,0.9911,0
bmg2026ckei,9,0.9915,0.0085,10.52,19.1,5.1,101.0,22.93,7.2028,1.289,0.9915,0
bmg2026ckei,10,0.9874,0.0126,13.34,22.49,5.1,101.0,22.93,7.2028,1.289,0.9874,0
bmg2026ckei,11,0.9896,0.0104,11.5,20.76,5.1,101.0,22.93,7.2028,1.289,0.9896,0
bmg2026ckei,12,0.9847,0.0153,13.89,24.16,5.1,101.0,22.93,7.2028,1.289,0.9847,0
bmg2026ckei,13,0.9848,0.0152,14.27,25.45,5.1,101.0,22.93,7.2028,1.289,0.9848,0
bmg2026ckei,14,0.9886,0.0114,12.69,20.79,5.1,101.0,22.93,7.2028,1.289,0.9886,0
bmg2026cing,0,0.9825,0.0175,15.43,25.29,5.37,168.0,23.44,7.2028,1.289,0.9825,0
bmg2026cing,1,0.9883,0.0117,12.59,23.63,5.37,168.0,23.44,7.2028,1.289,0.9883,0
bmg2026cing,2,0.9868,0.0132,13.21,21.93,5.37,168.0,23.44,7.2028,1.289,0.9868,0
bmg2026cing,3,0.9817,0.0183,16.25,26.53,5.37,168.0,23.44,7.2028,1.289,0.9817,0
bmg2026cing,4,0.994,0.006,8.97,16.85,5.37,168.0,23.44,7.2028,1.289,0.994,0
bmg2026cing,5,0.9832,0.0168,15.33,24.89,5.37,168.0,23.44,7.2028,1.289,0.9832,0
bmg2026cing,6,0.9861,0.0139,13.49,25.09,5.37,168.0,23.44,7.2028,1.289,0.9861,0
bmg2026cing,7,0.9911,0.0089,11.11,22.02,5.37,168.0,23.44,7.2028,1.289,0.9911,0
bmg2026cing,8,0.9915,0.0085,10.52,19.6,5.37,168.0,23.44,7.2028,1.289,0.9915,0
bmg2026cing,9,0.9874,0.0126,13.34,22.99,5.37,168.0,23.44,7.2028,1.289,0.9874,0
bmg2026cing,10,0.9896,0.0104,11.5,21.26,5.37,168.0,23.44,7.2028,1.289,0.9896,0
bmg2026cing,11,0.9847,0.0153,13.89,24.67,5.37,168.0,23.44,7.2028,1.289,0.9847,0
bmg2026cing,12,0.9848,0.0152,14.27,25.95,5.37,168.0,23.44,7.2028,1.289,0.9848,0
bmg2026cing,13,0.9886,0.0114,12.69,21.29,5.37,168.0,23.44,7.2028,1.289,0.9886,0
bmg2026cing,14,0.9867,0.0133,13.45,22.5,5.37,168.0,23.44,7.2028,1.289,0.9867,0
bmg2026gdya,0,0.9922,0.0078,10.51,15.55,5.21,10.0,10.33,7.2028,1.289,0.9922,1
bmg2026gdya,1,0.9902,0.0098,11.36,13.44,5.21,10.0,10.33,7.2028,1.289,0.9902,1
bmg2026gdya,2,0.9916,0.0084,10.74,14.38,5.21,10.0,10.33,7.2028,1.289,0.9916,1
bmg2026gdya,3,0.9906,0.0094,11.02,12.47,5.21,10.0,10.33,7.2028,1.289,0.9906,1
bmg2026gdya,4,0.9898,0.0102,11.37,12.18,5.21,10.0,10.33,7.2028,1.289,0.9898,1
bmg2026gdya,5,0.9916,0.0084,10.66,13.21,5.21,10.0,10.33,7.2028,1.289,0.9916,1
bmg2026gdya,6,0.9918,0.0082,10.5,12.25,5.21,10.0,10.33,7.2028,1.289,0.9918,1
bmg2026gdya,7,0.9812,0.0188,16.38,7.72,5.21,10.0,10.33,7.2028,1.289,0.9812,1
bmg2026gdya,8,0.9815,0.0185,16.28,6.73,5.21,10.0,10.33,7.2028,1.289,0.9815,1
bmg2026gdya,9,0.9903,0.0097,11.37,12.47,5.21,10.0,10.33,7.2028,1.289,0.9903,1
bmg2026gdya,10,0.9861,0.0139,13.61,9.54,5.21,10.0,10.33,7.2028,1.289,0.9861,1
bmg2026gdya,11,0.9886,0.0114,12.32,11.53,5.21,10.0,10.33,7.2028,1.289,0.9886,1
bmg2026gdya,12,0.9826,0.0174,15.97,6.81,5.21,10.0,10.33,7.2028,1.289,0.9826,1
bmg2026gdya,13,0.9895,0.0105,11.72,13.08,5.21,10.0,10.33,7.2028,1.289,0.9895,1
bmg2026gdya,14,0.988,0.012,13.13,10.21,5.21,10.0,10.33,7.2028,1.289,0.988,1
bmg2026gcoe,0,0.9902,0.0098,11.36,24.65,6.22,157.0,27.81,7.2028,1.289,0.9902,0
bmg2026gcoe,1,0.9916,0.0084,10.74,23.71,6.22,157.0,27.81,7.2028,1.289,0.9916,0
bmg2026gcoe,2,0.9906,0.0094,11.02,25.62,6.22,157.0,27.81,7.2028,1.289,0.9906,0
bmg2026gcoe,3,0.9898,0.0102,11.37,25.91,6.22,157.0,27.81,7.2028,1.289,0.9898,0
bmg2026gcoe,4,0.9916,0.0084,10.66,24.88,6.22,157.0,27.81,7.2028,1.289,0.9916,0
bmg2026gcoe,5,0.9918,0.0082,10.5,25.84,6.22,157.0,27.81,7.2028,1.289,0.9918,0
bmg2026gcoe,6,0.9812,0.0188,16.38,30.37,6.22,157.0,27.81,7.2028,1.289,0.9812,0
bmg2026gcoe,7,0.9815,0.0185,16.28,31.36,6.22,157.0,27.81,7.2028,1.289,0.9815,0
bmg2026gcoe,8,0.9903,0.0097,11.37,25.62,6.22,157.0,27.81,7.2028,1.289,0.9903,0
bmg2026gcoe,9,0.9861,0.0139,13.61,28.55,6.22,157.0,27.81,7.2028,1.289,0.9861,0
bmg2026gcoe,10,0.9886,0.0114,12.32,26.56,6.22,157.0,27.81,7.2028,1.289,0.9886,0
bmg2026gcoe,11,0.9826,0.0174,15.97,31.28,6.22,157.0,27.81,7.2028,1.289,0.9826,0
bmg2026gcoe,12,0.9895,0.0105,11.72,25.01,6.22,157.0,27.81,7.2028,1.289,0.9895,0
bmg2026gcoe,13,0.988,0.012,13.13,27.88,6.22,157.0,27.81,7.2028,1.289,0.988,0
bmg2026gcoe,14,0.9864,0.0136,13.73,27.61,6.22,157.0,27.81,7.2028,1.289,0.9864,0
bmg2026gbsh,0,0.9902,0.0098,11.36,11.06,5.29,66.0,14.18,7.2028,1.289,0.9902,0
bmg2026gbsh,1,0.9916,0.0084,10.74,10.12,5.29,66.0,14.18,7.2028,1.289,0.9916,0
bmg2026gbsh,2,0.9906,0.0094,11.02,12.03,5.29,66.0,14.18,7.2028,1.289,0.9906,0
bmg2026gbsh,3,0.9898,0.0102,11.37,12.33,5.29,66.0,14.18,7.2028,1.289,0.9898,0
bmg2026gbsh,4,0.9916,0.0084,10.66,11.29,5.29,66.0,14.18,7.2028,1.289,0.9916,0
bmg2026gbsh,5,0.9918,0.0082,10.5,12.25,5.29,66.0,14.18,7.2028,1.289,0.9918,0
bmg2026gbsh,6,0.9812,0.0188,16.38,16.78,5.29,66.0,14.18,7.2028,1.289,0.9812,0
bmg2026gbsh,7,0.9815,0.0185,16.28,17.77,5.29,66.0,14.18,7.2028,1.289,0.9815,0
bmg2026gbsh,8,0.9903,0.0097,11.37,12.03,5.29,66.0,14.18,7.2028,1.289,0.9903,0
bmg2026gbsh,9,0.9861,0.0139,13.61,14.96,5.29,66.0,14.18,7.2028,1.289,0.9861,0
bmg2026gbsh,10,0.9886,0.0114,12.32,12.97,5.29,66.0,14.18,7.2028,1.289,0.9886,0
bmg2026gbsh,11,0.9826,0.0174,15.97,17.69,5.29,66.0,14.18,7.2028,1.289,0.9826,0
bmg2026gbsh,12,0.9895,0.0105,11.72,11.42,5.29,66.0,14.18,7.2028,1.289,0.9895,0
bmg2026gbsh,13,0.988,0.012,13.13,14.3,5.29,66.0,14.18,7.2028,1.289,0.988,0
bmg2026gbsh,14,0.9864,0.0136,13.73,14.02,5.29,66.0,14.18,7.2028,1.289,0.9864,0
bmg2026fzfm,0,0.9906,0.0094,11.02,11.2,6.0,73.0,13.34,7.2028,1.289,0.9906,0
bmg2026fzfm,1,0.9898,0.0102,11.37,11.5,6.0,73.0,13.34,7.2028,1.289,0.9898,0
bmg2026fzfm,2,0.9916,0.0084,10.66,10.46,6.0,73.0,13.34,7.2028,1.289,0.9916,0
bmg2026fzfm,3,0.9918,0.0082,10.5,11.42,6.0,73.0,13.34,7.2028,1.289,0.9918,0
bmg2026fzfm,4,0.9812,0.0188,16.38,15.95,6.0,73.0,13.34,7.2028,1.289,0.9812,0
bmg2026fzfm,5,0.9815,0.0185,16.28,16.94,6.0,73.0,13.34,7.2028,1.289,0.9815,0
bmg2026fzfm,6,0.9903,0.0097,11.37,11.2,6.0,73.0,13.34,7.2028,1.289,0.9903,0
bmg2026fzfm,7,0.9861,0.0139,13.61,14.13,6.0,73.0,13.34,7.2028,1.289,0.9861,0
bmg2026fzfm,8,0.9886,0.0114,12.32,12.14,6.0,73.0,13.34,7.2028,1.289,0.9886,0
bmg2026fzfm,9,0.9826,0.0174,15.97,16.86,6.0,73.0,13.34,7.2028,1.289,0.9826,0
bmg2026fzfm,10,0.9895,0.0105,11.72,10.59,6.0,73.0,13.34,7.2028,1.289,0.9895,0
bmg2026fzfm,11,0.988,0.012,13.13,13.46,6.0,73.0,13.34,7.2028,1.289,0.988,0
bmg2026fzfm,12,0.9864,0.0136,13.73,13.19,6.0,73.0,13.34,7.2028,1.289,0.9864,0
bmg2026fzfm,13,0.9806,0.0194,16.36,14.45,6.0,73.0,13.34,7.2028,1.289,0.9806,0
bmg2026fzfm,14,0.9843,0.0157,14.71,15.68,6.0,73.0,13.34,7.2028,1.289,0.9843,0
bmg2026fpsr,0,0.9815,0.0185,16.28,135.15,5.18,40.0,122.2,7.2028,1.289,0.9815,1
bmg2026fpsr,1,0.9903,0.0097,11.37,129.41,5.18,40.0,122.2,7.2028,1.289,0.9903,1
bmg2026fpsr,2,0.9861,0.0139,13.61,132.34,5.18,40.0,122.2,7.2028,1.289,0.9861,1
bmg2026fpsr,3,0.9886,0.0114,12.32,130.35,5.18,40.0,122.2,7.2028,1.289,0.9886,1
bmg2026fpsr,4,0.9826,0.0174,15.97,135.07,5.18,40.0,122.2,7.2028,1.289,0.9826,1
bmg2026fpsr,5,0.9895,0.0105,11.72,128.8,5.18,40.0,122.2,7.2028,1.289,0.9895,1
bmg2026fpsr,6,0.988,0.012,13.13,131.67,5.18,40.0,122.2,7.2028,1.289,0.988,1
bmg2026fpsr,7,0.9864,0.0136,13.73,131.4,5.18,40.0,122.2,7.2028,1.289,0.9864,1
bmg2026fpsr,8,0.9806,0.0194,16.36,132.66,5.18,40.0,122.2,7.2028,1.289,0.9806,1
bmg2026fpsr,9,0.9843,0.0157,14.71,133.89,5.18,40.0,122.2,7.2028,1.289,0.9843,1
bmg2026fpsr,10,0.9826,0.0174,15.91,133.03,5.18,40.0,122.2,7.2028,1.289,0.9826,1
bmg2026fpsr,11,0.9851,0.0149,14.02,131.88,5.18,40.0,122.2,7.2028,1.289,0.9851,1
bmg2026fpsr,12,0.9862,0.0138,14.19,132.69,5.18,40.0,122.2,7.2028,1.289,0.9862,1
bmg2026fpsr,13,0.9863,0.0137,14.01,132.25,5.18,40.0,122.2,7.2028,1.289,0.9863,1
bmg2026fpsr,14,0.9899,0.0101,11.77,130.89,5.18,40.0,122.2,7.2028,1.289,0.9899,1
bmg2026fgct,0,0.9895,0.0105,11.72,8.58,5.11,24.0,11.33,7.2028,1.289,0.9895,1
bmg2026fgct,1,0.988,0.012,13.13,11.45,5.11,24.0,11.33,7.2028,1.289,0.988,1
bmg2026fgct,2,0.9864,0.0136,13.73,11.18,5.11,24.0,11.33,7.2028,1.289,0.9864,1
bmg2026fgct,3,0.9806,0.0194,16.36,12.44,5.11,24.0,11.33,7.2028,1.289,0.9806,1
bmg2026fgct,4,0.9843,0.0157,14.71,13.67,5.11,24.0,11.33,7.2028,1.289,0.9843,1
bmg2026fgct,5,0.9826,0.0174,15.91,12.81,5.11,24.0,11.33,7.2028,1.289,0.9826,1
bmg2026fgct,6,0.9851,0.0149,14.02,11.66,5.11,24.0,11.33,7.2028,1.289,0.9851,1
bmg2026fgct,7,0.9862,0.0138,14.19,12.46,5.11,24.0,11.33,7.2028,1.289,0.9862,1
bmg2026fgct,8,0.9863,0.0137,14.01,12.03,5.11,24.0,11.33,7.2028,1.289,0.9863,1
bmg2026fgct,9,0.9899,0.0101,11.77,10.67,5.11,24.0,11.33,7.2028,1.289,0.9899,1
bmg2026fgct,10,0.9917,0.0083,10.48,8.04,5.11,24.0,11.33,7.2028,1.289,0.9917,1
bmg2026fgct,11,0.9912,0.0088,10.43,5.37,5.11,24.0,11.33,7.2028,1.289,0.9912,1
bmg2026fgct,12,0.9889,0.0111,11.71,10.45,5.11,24.0,11.33,7.2028,1.289,0.9889,1
bmg2026fgct,13,0.9869,0.0131,13.15,11.63,5.11,24.0,11.33,7.2028,1.289,0.9869,1
bmg2026fgct,14,0.9838,0.0162,14.93,12.32,5.11,24.0,11.33,7.2028,1.289,0.9838,1
bmg2026fgcj,0,0.9895,0.0105,11.72,46.89,5.35,38.0,50.63,7.2028,1.289,0.9895,1
bmg2026fgcj,1,0.988,0.012,13.13,49.77,5.35,38.0,50.63,7.2028,1.289,0.988,1
bmg2026fgcj,2,0.9864,0.0136,13.73,49.49,5.35,38.0,50.63,7.2028,1.289,0.9864,1
bmg2026fgcj,3,0.9806,0.0194,16.36,50.75,5.35,38.0,50.63,7.2028,1.289,0.9806,1
bmg2026fgcj,4,0.9843,0.0157,14.71,51.98,5.35,38.0,50.63,7.2028,1.289,0.9843,1
bmg2026fgcj,5,0.9826,0.0174,15.91,51.13,5.35,38.0,50.63,7.2028,1.289,0.9826,1
bmg2026fgcj,6,0.9851,0.0149,14.02,49.97,5.35,38.0,50.63,7.2028,1.289,0.9851,1
bmg2026fgcj,7,0.9862,0.0138,14.19,50.78,5.35,38.0,50.63,7.2028,1.289,0.9862,1
bmg2026fgcj,8,0.9863,0.0137,14.01,50.34,5.35,38.0,50.63,7.2028,1.289,0.9863,1
bmg2026fgcj,9,0.9899,0.0101,11.77,48.99,5.35,38.0,50.63,7.2028,1.289,0.9899,1
bmg2026fgcj,10,0.9917,0.0083,10.48,46.35,5.35,38.0,50.63,7.2028,1.289,0.9917,1
bmg2026fgcj,11,0.9912,0.0088,10.43,43.68,5.35,38.0,50.63,7.2028,1.289,0.9912,1
bmg2026fgcj,12,0.9889,0.0111,11.71,48.76,5.35,38.0,50.63,7.2028,1.289,0.9889,1
bmg2026fgcj,13,0.9869,0.0131,13.15,49.94,5.35,38.0,50.63,7.2028,1.289,0.9869,1
bmg2026fgcj,14,0.9838,0.0162,14.93,50.64,5.35,38.0,50.63,7.2028,1.289,0.9838,1
bmg2026ezjl,0,0.9843,0.0157,14.71,121.41,5.18,101.0,112.98,7.2028,1.289,0.9843,0
bmg2026ezjl,1,0.9826,0.0174,15.91,120.55,5.18,101.0,112.98,7.2028,1.289,0.9826,0
bmg2026ezjl,2,0.9851,0.0149,14.02,119.39,5.18,101.0,112.98,7.2028,1.289,0.9851,0
bmg2026ezjl,3,0.9862,0.0138,14.19,120.2,5.18,101.0,112.98,7.2028,1.289,0.9862,0
bmg2026ezjl,4,0.9863,0.0137,14.01,119.76,5.18,101.0,112.98,7.2028,1.289,0.9863,0
bmg2026ezjl,5,0.9899,0.0101,11.77,118.41,5.18,101.0,112.98,7.2028,1.289,0.9899,0
bmg2026ezjl,6,0.9917,0.0083,10.48,115.78,5.18,101.0,112.98,7.2028,1.289,0.9917,0
bmg2026ezjl,7,0.9912,0.0088,10.43,113.11,5.18,101.0,112.98,7.2028,1.289,0.9912,0
bmg2026ezjl,8,0.9889,0.0111,11.71,118.18,5.18,101.0,112.98,7.2028,1.289,0.9889,0
bmg2026ezjl,9,0.9869,0.0131,13.15,119.37,5.18,101.0,112.98,7.2028,1.289,0.9869,0
bmg2026ezjl,10,0.9838,0.0162,14.93,120.06,5.18,101.0,112.98,7.2028,1.289,0.9838,0
bmg2026ezjl,11,0.995,0.005,8.0,112.29,5.18,101.0,112.98,7.2028,1.289,0.995,0
bmg2026ezjl,12,0.9918,0.0082,10.77,117.12,5.18,101.0,112.98,7.2028,1.289,0.9918,0
bmg2026ezjl,13,0.9848,0.0152,14.87,120.25,5.18,101.0,112.98,7.2028,1.289,0.9848,0
bmg2026ezjl,14,0.9889,0.0111,12.31,117.03,5.18,101.0,112.98,7.2028,1.289,0.9889,0
bmg2026erbg,0,0.9863,0.0137,14.01,137.78,5.35,20.0,138.52,7.2028,1.289,0.9863,1
bmg2026erbg,1,0.9899,0.0101,11.77,139.13,5.35,20.0,138.52,7.2028,1.289,0.9899,1
bmg2026erbg,2,0.9917,0.0083,10.48,141.77,5.35,20.0,138.52,7.2028,1.289,0.9917,1
bmg2026erbg,3,0.9912,0.0088,10.43,144.44,5.35,20.0,138.52,7.2028,1.289,0.9912,1
bmg2026erbg,4,0.9889,0.0111,11.71,139.36,5.35,20.0,138.52,7.2028,1.289,0.9889,1
bmg2026erbg,5,0.9869,0.0131,13.15,138.18,5.35,20.0,138.52,7.2028,1.289,0.9869,1
bmg2026erbg,6,0.9838,0.0162,14.93,137.48,5.35,20.0,138.52,7.2028,1.289,0.9838,1
bmg2026erbg,7,0.995,0.005,8.0,145.26,5.35,20.0,138.52,7.2028,1.289,0.995,1
bmg2026erbg,8,0.9918,0.0082,10.77,140.43,5.35,20.0,138.52,7.2028,1.289,0.9918,1
bmg2026erbg,9,0.9848,0.0152,14.87,137.3,5.35,20.0,138.52,7.2028,1.289,0.9848,1
bmg2026erbg,10,0.9889,0.0111,12.31,140.52,5.35,20.0,138.52,7.2028,1.289,0.9889,1
bmg2026erbg,11,0.9909,0.0091,10.91,143.66,5.35,20.0,138.52,7.2028,1.289,0.9909,1
bmg2026erbg,12,0.9927,0.0073,9.62,143.12,5.35,20.0,138.52,7.2028,1.289,0.9927,1
bmg2026erbg,13,0.9878,0.0122,12.54,139.2,5.35,20.0,138.52,7.2028,1.289,0.9878,1
bmg2026erbg,14,0.9888,0.0112,11.99,140.28,5.35,20.0,138.52,7.2028,1.289,0.9888,1
bmg2026eqbh,0,0.9899,0.0101,11.77,156.39,5.17,83.0,155.69,7.2028,1.289,0.9899,0
bmg2026eqbh,1,0.9917,0.0083,10.48,159.02,5.17,83.0,155.69,7.2028,1.289,0.9917,0
bmg2026eqbh,2,0.9912,0.0088,10.43,161.69,5.17,83.0,155.69,7.2028,1.289,0.9912,0
bmg2026eqbh,3,0.9889,0.0111,11.71,156.61,5.17,83.0,155.69,7.2028,1.289,0.9889,0
bmg2026eqbh,4,0.9869,0.0131,13.15,155.43,5.17,83.0,155.69,7.2028,1.289,0.9869,0
bmg2026eqbh,5,0.9838,0.0162,14.93,154.74,5.17,83.0,155.69,7.2028,1.289,0.9838,0
bmg2026eqbh,6,0.995,0.005,8.0,162.51,5.17,83.0,155.69,7.2028,1.289,0.995,0
bmg2026eqbh,7,0.9918,0.0082,10.77,157.68,5.17,83.0,155.69,7.2028,1.289,0.9918,0
bmg2026eqbh,8,0.9848,0.0152,14.87,154.55,5.17,83.0,155.69,7.2028,1.289,0.9848,0
bmg2026eqbh,9,0.9889,0.0111,12.31,157.77,5.17,83.0,155.69,7.2028,1.289,0.9889,0
bmg2026eqbh,10,0.9909,0.0091,10.91,160.91,5.17,83.0,155.69,7.2028,1.289,0.9909,0
bmg2026eqbh,11,0.9927,0.0073,9.62,160.37,5.17,83.0,155.69,7.2028,1.289,0.9927,0
bmg2026eqbh,12,0.9878,0.0122,12.54,156.46,5.17,83.0,155.69,7.2028,1.289,0.9878,0
bmg2026eqbh,13,0.9888,0.0112,11.99,157.53,5.17,83.0,155.69,7.2028,1.289,0.9888,0
bmg2026eqbh,14,0.9936,0.0064,8.94,160.69,5.17,83.0,155.69,7.2028,1.289,0.9936,0
bmg2026eohr,0,0.9917,0.0083,10.48,5.22,5.11,43.0,2.13,7.2028,1.289,0.9917,1
bmg2026eohr,1,0.9912,0.0088,10.43,7.89,5.11,43.0,2.13,7.2028,1.289,0.9912,1
bmg2026eohr,2,0.9889,0.0111,11.71,2.81,5.11,43.0,2.13,7.2028,1.289,0.9889,1
bmg2026eohr,3,0.9869,0.0131,13.15,1.63,5.11,43.0,2.13,7.2028,1.289,0.9869,1
bmg2026eohr,4,0.9838,0.0162,14.93,0.93,5.11,43.0,2.13,7.2028,1.289,0.9838,1
bmg2026eohr,5,0.995,0.005,8.0,8.71,5.11,43.0,2.13,7.2028,1.289,0.995,1
bmg2026eohr,6,0.9918,0.0082,10.77,3.88,5.11,43.0,2.13,7.2028,1.289,0.9918,1
bmg2026eohr,7,0.9848,0.0152,14.87,0.75,5.11,43.0,2.13,7.2028,1.289,0.9848,1
bmg2026eohr,8,0.9889,0.0111,12.31,3.97,5.11,43.0,2.13,7.2028,1.289,0.9889,1
bmg2026eohr,9,0.9909,0.0091,10.91,7.11,5.11,43.0,2.13,7.2028,1.289,0.9909,1
bmg2026eohr,10,0.9927,0.0073,9.62,6.57,5.11,43.0,2.13,7.2028,1.289,0.9927,1
bmg2026eohr,11,0.9878,0.0122,12.54,2.65,5.11,43.0,2.13,7.2028,1.289,0.9878,1
bmg2026eohr,12,0.9888,0.0112,11.99,3.73,5.11,43.0,2.13,7.2028,1.289,0.9888,1
bmg2026eohr,13,0.9936,0.0064,8.94,6.88,5.11,43.0,2.13,7.2028,1.289,0.9936,1
bmg2026eohr,14,0.9882,0.0118,12.28,3.42,5.11,43.0,2.13,7.2028,1.289,0.9882,1
bmg2026ehvm,0,0.9869,0.0131,13.15,138.93,6.1,10.0,139.27,7.2028,1.289,0.9869,1
bmg2026ehvm,1,0.9838,0.0162,14.93,138.23,6.1,10.0,139.27,7.2028,1.289,0.9838,1
bmg2026ehvm,2,0.995,0.005,8.0,146.01,6.1,10.0,139.27,7.2028,1.289,0.995,1
bmg2026ehvm,3,0.9918,0.0082,10.77,141.18,6.1,10.0,139.27,7.2028,1.289,0.9918,1
bmg2026ehvm,4,0.9848,0.0152,14.87,138.04,6.1,10.0,139.27,7.2028,1.289,0.9848,1
bmg2026ehvm,5,0.9889,0.0111,12.31,141.27,6.1,10.0,139.27,7.2028,1.289,0.9889,1
bmg2026ehvm,6,0.9909,0.0091,10.91,144.41,6.1,10.0,139.27,7.2028,1.289,0.9909,1
bmg2026ehvm,7,0.9927,0.0073,9.62,143.87,6.1,10.0,139.27,7.2028,1.289,0.9927,1
bmg2026ehvm,8,0.9878,0.0122,12.54,139.95,6.1,10.0,139.27,7.2028,1.289,0.9878,1
bmg2026ehvm,9,0.9888,0.0112,11.99,141.03,6.1,10.0,139.27,7.2028,1.289,0.9888,1
bmg2026ehvm,10,0.9936,0.0064,8.94,144.18,6.1,10.0,139.27,7.2028,1.289,0.9936,1
bmg2026ehvm,11,0.9882,0.0118,12.28,140.72,6.1,10.0,139.27,7.2028,1.289,0.9882,1
bmg2026ehvm,12,0.9927,0.0073,10.11,143.4,6.1,10.0,139.27,7.2028,1.289,0.9927,1
bmg2026ehvm,13,0.9911,0.0089,11.13,142.9,6.1,10.0,139.27,7.2028,1.289,0.9911,1
bmg2026ehvm,14,0.9894,0.0106,11.62,141.12,6.1,10.0,139.27,7.2028,1.289,0.9894,1
bmg2026egze,0,0.9838,0.0162,14.93,29.06,5.08,98.0,28.11,7.2028,1.289,0.9838,0
bmg2026egze,1,0.995,0.005,8.0,21.28,5.08,98.0,28.11,7.2028,1.289,0.995,0
bmg2026egze,2,0.9918,0.0082,10.77,26.11,5.08,98.0,28.11,7.2028,1.289,0.9918,0
bmg2026egze,3,0.9848,0.0152,14.87,29.24,5.08,98.0,28.11,7.2028,1.289,0.9848,0
bmg2026egze,4,0.9889,0.0111,12.31,26.02,5.08,98.0,28.11,7.2028,1.289,0.9889,0
bmg2026egze,5,0.9909,0.0091,10.91,22.88,5.08,98.0,28.11,7.2028,1.289,0.9909,0
bmg2026egze,6,0.9927,0.0073,9.62,23.42,5.08,98.0,28.11,7.2028,1.289,0.9927,0
bmg2026egze,7,0.9878,0.0122,12.54,27.33,5.08,98.0,28.11,7.2028,1.289,0.9878,0
bmg2026egze,8,0.9888,0.0112,11.99,26.26,5.08,98.0,28.11,7.2028,1.289,0.9888,0
bmg2026egze,9,0.9936,0.0064,8.94,23.1,5.08,98.0,28.11,7.2028,1.289,0.9936,0
bmg2026egze,10,0.9882,0.0118,12.28,26.57,5.08,98.0,28.11,7.2028,1.289,0.9882,0
bmg2026egze,11,0.9927,0.0073,10.11,23.88,5.08,98.0,28.11,7.2028,1.289,0.9927,0
bmg2026egze,12,0.9911,0.0089,11.13,24.38,5.08,98.0,28.11,7.2028,1.289,0.9911,0
bmg2026egze,13,0.9894,0.0106,11.62,26.16,5.08,98.0,28.11,7.2028,1.289,0.9894,0
bmg2026egze,14,0.9922,0.0078,10.02,24.81,5.08,98.0,28.11,7.2028,1.289,0.9922,0
bmg2026hspa,0,0.9893,0.0107,11.94,9.32,5.11,12.0,11.23,7.2028,1.289,0.9893,1
bmg2026hspa,1,0.9873,0.0127,13.03,10.45,5.11,12.0,11.23,7.2028,1.289,0.9873,1
bmg2026hspa,2,0.9866,0.0134,13.7,10.86,5.11,12.0,11.23,7.2028,1.289,0.9866,1
bmg2026hspa,3,0.9874,0.0126,12.87,10.66,5.11,12.0,11.23,7.2028,1.289,0.9874,1
bmg2026hspa,4,0.9827,0.0173,15.45,13.18,5.11,12.0,11.23,7.2028,1.289,0.9827,1
bmg2026hspa,5,0.9953,0.0047,8.21,3.74,5.11,12.0,11.23,7.2028,1.289,0.9953,1
bmg2026hspa,6,0.9847,0.0153,14.73,13.02,5.11,12.0,11.23,7.2028,1.289,0.9847,1
bmg2026hspa,7,0.9868,0.0132,13.54,9.9,5.11,12.0,11.23,7.2028,1.289,0.9868,1
bmg2026hspa,8,0.9867,0.0133,13.25,10.33,5.11,12.0,11.23,7.2028,1.289,0.9867,1
bmg2026hspa,9,0.9891,0.0109,11.95,8.63,5.11,12.0,11.23,7.2028,1.289,0.9891,1
bmg2026hspa,10,0.9842,0.0158,14.83,12.55,5.11,12.0,11.23,7.2028,1.289,0.9842,1
bmg2026hspa,11,0.9908,0.0092,11.06,7.94,5.11,12.0,11.23,7.2028,1.289,0.9908,1
bmg2026hspa,12,0.9868,0.0132,13.28,11.39,5.11,12.0,11.23,7.2028,1.289,0.9868,1
bmg2026hspa,13,0.9848,0.0152,14.56,11.99,5.11,12.0,11.23,7.2028,1.289,0.9848,1
bmg2026hspa,14,0.9778,0.0222,17.89,15.84,5.11,12.0,11.23,7.2028,1.289,0.9778,1
bmg2026hpaq,0,0.9866,0.0134,13.7,141.3,5.57,16.0,140.98,7.2028,1.289,0.9866,1
bmg2026hpaq,1,0.9874,0.0126,12.87,141.51,5.57,16.0,140.98,7.2028,1.289,0.9874,1
bmg2026hpaq,2,0.9827,0.0173,15.45,138.99,5.57,16.0,140.98,7.2028,1.289,0.9827,1
bmg2026hpaq,3,0.9953,0.0047,8.21,148.43,5.57,16.0,140.98,7.2028,1.289,0.9953,1
bmg2026hpaq,4,0.9847,0.0153,14.73,139.14,5.57,16.0,140.98,7.2028,1.289,0.9847,1
bmg2026hpaq,5,0.9868,0.0132,13.54,142.26,5.57,16.0,140.98,7.2028,1.289,0.9868,1
bmg2026hpaq,6,0.9867,0.0133,13.25,141.84,5.57,16.0,140.98,7.2028,1.289,0.9867,1
bmg2026hpaq,7,0.9891,0.0109,11.95,143.53,5.57,16.0,140.98,7.2028,1.289,0.9891,1
bmg2026hpaq,8,0.9842,0.0158,14.83,139.61,5.57,16.0,140.98,7.2028,1.289,0.9842,1
bmg2026hpaq,9,0.9908,0.0092,11.06,144.23,5.57,16.0,140.98,7.2028,1.289,0.9908,1
bmg2026hpaq,10,0.9868,0.0132,13.28,140.78,5.57,16.0,140.98,7.2028,1.289,0.9868,1
bmg2026hpaq,11,0.9848,0.0152,14.56,140.18,5.57,16.0,140.98,7.2028,1.289,0.9848,1
bmg2026hpaq,12,0.9778,0.0222,17.89,136.33,5.57,16.0,140.98,7.2028,1.289,0.9778,1
bmg2026hpaq,13,0.9829,0.0171,15.67,138.12,5.57,16.0,140.98,7.2028,1.289,0.9829,1
bmg2026hpaq,14,0.9839,0.0161,14.9,139.92,5.57,16.0,140.98,7.2028,1.289,0.9839,1
bmg2026hnlo,0,0.9874,0.0126,12.87,0.87,5.12,108.0,2.74,7.2028,1.289,0.9874,0
bmg2026hnlo,1,0.9827,0.0173,15.45,1.66,5.12,108.0,2.74,7.2028,1.289,0.9827,0
bmg2026hnlo,2,0.9953,0.0047,8.21,7.78,5.12,108.0,2.74,7.2028,1.289,0.9953,0
bmg2026hnlo,3,0.9847,0.0153,14.73,1.5,5.12,108.0,2.74,7.2028,1.289,0.9847,0
bmg2026hnlo,4,0.9868,0.0132,13.54,1.62,5.12,108.0,2.74,7.2028,1.289,0.9868,0
bmg2026hnlo,5,0.9867,0.0133,13.25,1.19,5.12,108.0,2.74,7.2028,1.289,0.9867,0
bmg2026hnlo,6,0.9891,0.0109,11.95,2.89,5.12,108.0,2.74,7.2028,1.289,0.9891,0
bmg2026hnlo,7,0.9842,0.0158,14.83,1.03,5.12,108.0,2.74,7.2028,1.289,0.9842,0
bmg2026hnlo,8,0.9908,0.0092,11.06,3.59,5.12,108.0,2.74,7.2028,1.289,0.9908,0
bmg2026hnlo,9,0.9868,0.0132,13.28,0.14,5.12,108.0,2.74,7.2028,1.289,0.9868,0
bmg2026hnlo,10,0.9848,0.0152,14.56,0.46,5.12,108.0,2.74,7.2028,1.289,0.9848,0
bmg2026hnlo,11,0.9778,0.0222,17.89,4.31,5.12,108.0,2.74,7.2028,1.289,0.9778,0
bmg2026hnlo,12,0.9829,0.0171,15.67,2.52,5.12,108.0,2.74,7.2028,1.289,0.9829,0
bmg2026hnlo,13,0.9839,0.0161,14.9,0.73,5.12,108.0,2.74,7.2028,1.289,0.9839,0
bmg2026hnlo,14,0.9876,0.0124,13.11,1.04,5.12,108.0,2.74,7.2028,1.289,0.9876,0
bmg2026goug,0,0.9839,0.0161,14.9,151.23,5.39,54.0,152.27,7.2028,1.289,0.9839,0
bmg2026goug,1,0.9876,0.0124,13.11,153.0,5.39,54.0,152.27,7.2028,1.289,0.9876,0
bmg2026goug,2,0.9849,0.0151,14.83,150.39,5.39,54.0,152.27,7.2028,1.289,0.9849,0
bmg2026goug,3,0.9854,0.0146,14.0,152.48,5.39,54.0,152.27,7.2028,1.289,0.9854,0
bmg2026goug,4,0.9925,0.0075,9.72,155.16,5.39,54.0,152.27,7.2028,1.289,0.9925,0
bmg2026goug,5,0.9909,0.0091,11.11,154.91,5.39,54.0,152.27,7.2028,1.289,0.9909,0
bmg2026goug,6,0.9922,0.0078,10.51,157.47,5.39,54.0,152.27,7.2028,1.289,0.9922,0
bmg2026goug,7,0.9902,0.0098,11.36,155.36,5.39,54.0,152.27,7.2028,1.289,0.9902,0
bmg2026goug,8,0.9916,0.0084,10.74,156.3,5.39,54.0,152.27,7.2028,1.289,0.9916,0
bmg2026goug,9,0.9906,0.0094,11.02,154.39,5.39,54.0,152.27,7.2028,1.289,0.9906,0
bmg2026goug,10,0.9898,0.0102,11.37,154.1,5.39,54.0,152.27,7.2028,1.289,0.9898,0
bmg2026goug,11,0.9916,0.0084,10.66,155.14,5.39,54.0,152.27,7.2028,1.289,0.9916,0
bmg2026goug,12,0.9918,0.0082,10.5,154.17,5.39,54.0,152.27,7.2028,1.289,0.9918,0
bmg2026goug,13,0.9812,0.0188,16.38,149.65,5.39,54.0,152.27,7.2028,1.289,0.9812,0
bmg2026goug,14,0.9815,0.0185,16.28,148.65,5.39,54.0,152.27,7.2028,1.289,0.9815,0
bmg2026goss,0,0.9839,0.0161,14.9,13.39,5.91,96.0,14.41,7.2028,1.289,0.9839,0
bmg2026goss,1,0.9876,0.0124,13.11,15.16,5.91,96.0,14.41,7.2028,1.289,0.9876,0
bmg2026goss,2,0.9849,0.0151,14.83,12.55,5.91,96.0,14.41,7.2028,1.289,0.9849,0
bmg2026goss,3,0.9854,0.0146,14.0,14.64,5.91,96.0,14.41,7.2028,1.289,0.9854,0
bmg2026goss,4,0.9925,0.0075,9.72,17.32,5.91,96.0,14.41,7.2028,1.289,0.9925,0
bmg2026goss,5,0.9909,0.0091,11.11,17.07,5.91,96.0,14.41,7.2028,1.289,0.9909,0
bmg2026goss,6,0.9922,0.0078,10.51,19.63,5.91,96.0,14.41,7.2028,1.289,0.9922,0
bmg2026goss,7,0.9902,0.0098,11.36,17.52,5.91,96.0,14.41,7.2028,1.289,0.9902,0
bmg2026goss,8,0.9916,0.0084,10.74,18.46,5.91,96.0,14.41,7.2028,1.289,0.9916,0
bmg2026goss,9,0.9906,0.0094,11.02,16.55,5.91,96.0,14.41,7.2028,1.289,0.9906,0
bmg2026goss,10,0.9898,0.0102,11.37,16.26,5.91,96.0,14.41,7.2028,1.289,0.9898,0
bmg2026goss,11,0.9916,0.0084,10.66,17.3,5.91,96.0,14.41,7.2028,1.289,0.9916,0
bmg2026goss,12,0.9918,0.0082,10.5,16.33,5.91,96.0,14.41,7.2028,1.289,0.9918,0
bmg2026goss,13,0.9812,0.0188,16.38,11.81,5.91,96.0,14.41,7.2028,1.289,0.9812,0
bmg2026goss,14,0.9815,0.0185,16.28,10.81,5.91,96.0,14.41,7.2028,1.289,0.9815,0
bmg2026goax,0,0.9839,0.0161,14.9,1.86,5.71,33.0,2.9,7.2028,1.289,0.9839,1
bmg2026goax,1,0.9876,0.0124,13.11,3.63,5.71,33.0,2.9,7.2028,1.289,0.9876,1
bmg2026goax,2,0.9849,0.0151,14.83,1.02,5.71,33.0,2.9,7.2028,1.289,0.9849,1
bmg2026goax,3,0.9854,0.0146,14.0,3.11,5.71,33.0,2.9,7.2028,1.289,0.9854,1
bmg2026goax,4,0.9925,0.0075,9.72,5.79,5.71,33.0,2.9,7.2028,1.289,0.9925,1
bmg2026goax,5,0.9909,0.0091,11.11,5.54,5.71,33.0,2.9,7.2028,1.289,0.9909,1
bmg2026goax,6,0.9922,0.0078,10.51,8.1,5.71,33.0,2.9,7.2028,1.289,0.9922,1
bmg2026goax,7,0.9902,0.0098,11.36,5.99,5.71,33.0,2.9,7.2028,1.289,0.9902,1
bmg2026goax,8,0.9916,0.0084,10.74,6.93,5.71,33.0,2.9,7.2028,1.289,0.9916,1
bmg2026goax,9,0.9906,0.0094,11.02,5.02,5.71,33.0,2.9,7.2028,1.289,0.9906,1
bmg2026goax,10,0.9898,0.0102,11.37,4.73,5.71,33.0,2.9,7.2028,1.289,0.9898,1
bmg2026goax,11,0.9916,0.0084,10.66,5.77,5.71,33.0,2.9,7.2028,1.289,0.9916,1
bmg2026goax,12,0.9918,0.0082,10.5,4.8,5.71,33.0,2.9,7.2028,1.289,0.9918,1
bmg2026goax,13,0.9812,0.0188,16.38,0.28,5.71,33.0,2.9,7.2028,1.289,0.9812,1
bmg2026goax,14,0.9815,0.0185,16.28,0.72,5.71,33.0,2.9,7.2028,1.289,0.9815,1
bmg2026gnsm,0,0.9876,0.0124,13.11,4.68,5.29,14.0,3.94,7.2028,1.289,0.9876,1
bmg2026gnsm,1,0.9849,0.0151,14.83,2.07,5.29,14.0,3.94,7.2028,1.289,0.9849,1
bmg2026gnsm,2,0.9854,0.0146,14.0,4.16,5.29,14.0,3.94,7.2028,1.289,0.9854,1
bmg2026gnsm,3,0.9925,0.0075,9.72,6.84,5.29,14.0,3.94,7.2028,1.289,0.9925,1
bmg2026gnsm,4,0.9909,0.0091,11.11,6.58,5.29,14.0,3.94,7.2028,1.289,0.9909,1
bmg2026gnsm,5,0.9922,0.0078,10.51,9.15,5.29,14.0,3.94,7.2028,1.289,0.9922,1
bmg2026gnsm,6,0.9902,0.0098,11.36,7.04,5.29,14.0,3.94,7.2028,1.289,0.9902,1
bmg2026gnsm,7,0.9916,0.0084,10.74,7.98,5.29,14.0,3.94,7.2028,1.289,0.9916,1
bmg2026gnsm,8,0.9906,0.0094,11.02,6.07,5.29,14.0,3.94,7.2028,1.289,0.9906,1
bmg2026gnsm,9,0.9898,0.0102,11.37,5.77,5.29,14.0,3.94,7.2028,1.289,0.9898,1
bmg2026gnsm,10,0.9916,0.0084,10.66,6.81,5.29,14.0,3.94,7.2028,1.289,0.9916,1
bmg2026gnsm,11,0.9918,0.0082,10.5,5.85,5.29,14.0,3.94,7.2028,1.289,0.9918,1
bmg2026gnsm,12,0.9812,0.0188,16.38,1.32,5.29,14.0,3.94,7.2028,1.289,0.9812,1
bmg2026gnsm,13,0.9815,0.0185,16.28,0.33,5.29,14.0,3.94,7.2028,1.289,0.9815,1
bmg2026gnsm,14,0.9903,0.0097,11.37,6.07,5.29,14.0,3.94,7.2028,1.289,0.9903,1
bmg2026gmya,0,0.9876,0.0124,13.11,4.38,5.25,22.0,3.64,7.2028,1.289,0.9876,1
bmg2026gmya,1,0.9849,0.0151,14.83,1.76,5.25,22.0,3.64,7.2028,1.289,0.9849,1
bmg2026gmya,2,0.9854,0.0146,14.0,3.85,5.25,22.0,3.64,7.2028,1.289,0.9854,1
bmg2026gmya,3,0.9925,0.0075,9.72,6.54,5.25,22.0,3.64,7.2028,1.289,0.9925,1
bmg2026gmya,4,0.9909,0.0091,11.11,6.28,5.25,22.0,3.64,7.2028,1.289,0.9909,1
bmg2026gmya,5,0.9922,0.0078,10.51,8.85,5.25,22.0,3.64,7.2028,1.289,0.9922,1
bmg2026gmya,6,0.9902,0.0098,11.36,6.74,5.25,22.0,3.64,7.2028,1.289,0.9902,1
bmg2026gmya,7,0.9916,0.0084,10.74,7.68,5.25,22.0,3.64,7.2028,1.289,0.9916,1
bmg2026gmya,8,0.9906,0.0094,11.02,5.77,5.25,22.0,3.64,7.2028,1.289,0.9906,1
bmg2026gmya,9,0.9898,0.0102,11.37,5.47,5.25,22.0,3.64,7.2028,1.289,0.9898,1
bmg2026gmya,10,0.9916,0.0084,10.66,6.51,5.25,22.0,3.64,7.2028,1.289,0.9916,1
bmg2026gmya,11,0.9918,0.0082,10.5,5.54,5.25,22.0,3.64,7.2028,1.289,0.9918,1
bmg2026gmya,12,0.9812,0.0188,16.38,1.02,5.25,22.0,3.64,7.2028,1.289,0.9812,1
bmg2026gmya,13,0.9815,0.0185,16.28,0.03,5.25,22.0,3.64,7.2028,1.289,0.9815,1
bmg2026gmya,14,0.9903,0.0097,11.37,5.76,5.25,22.0,3.64,7.2028,1.289,0.9903,1
bmg2026gmlp,0,0.9876,0.0124,13.11,4.86,5.06,15.0,4.12,7.2028,1.289,0.9876,1
bmg2026gmlp,1,0.9849,0.0151,14.83,2.25,5.06,15.0,4.12,7.2028,1.289,0.9849,1
bmg2026gmlp,2,0.9854,0.0146,14.0,4.34,5.06,15.0,4.12,7.2028,1.289,0.9854,1
bmg2026gmlp,3,0.9925,0.0075,9.72,7.02,5.06,15.0,4.12,7.2028,1.289,0.9925,1
bmg2026gmlp,4,0.9909,0.0091,11.11,6.77,5.06,15.0,4.12,7.2028,1.289,0.9909,1
bmg2026gmlp,5,0.9922,0.0078,10.51,9.33,5.06,15.0,4.12,7.2028,1.289,0.9922,1
bmg2026gmlp,6,0.9902,0.0098,11.36,7.22,5.06,15.0,4.12,7.2028,1.289,0.9902,1
bmg2026gmlp,7,0.9916,0.0084,10.74,8.16,5.06,15.0,4.12,7.2028,1.289,0.9916,1
bmg2026gmlp,8,0.9906,0.0094,11.02,6.25,5.06,15.0,4.12,7.2028,1.289,0.9906,1
bmg2026gmlp,9,0.9898,0.0102,11.37,5.96,5.06,15.0,4.12,7.2028,1.289,0.9898,1
bmg2026gmlp,10,0.9916,0.0084,10.66,7.0,5.06,15.0,4.12,7.2028,1.289,0.9916,1
bmg2026gmlp,11,0.9918,0.0082,10.5,6.03,5.06,15.0,4.12,7.2028,1.289,0.9918,1
bmg2026gmlp,12,0.9812,0.0188,16.38,1.51,5.06,15.0,4.12,7.2028,1.289,0.9812,1
bmg2026gmlp,13,0.9815,0.0185,16.28,0.51,5.06,15.0,4.12,7.2028,1.289,0.9815,1
bmg2026gmlp,14,0.9903,0.0097,11.37,6.25,5.06,15.0,4.12,7.2028,1.289,0.9903,1
bmg2026gmjl,0,0.9876,0.0124,13.11,2.82,5.49,15.0,2.41,7.2028,1.289,0.9876,1
bmg2026gmjl,1,0.9849,0.0151,14.83,0.2,5.49,15.0,2.41,7.2028,1.289,0.9849,1
bmg2026gmjl,2,0.9854,0.0146,14.0,2.3,5.49,15.0,2.41,7.2028,1.289,0.9854,1
bmg2026gmjl,3,0.9925,0.0075,9.72,4.98,5.49,15.0,2.41,7.2028,1.289,0.9925,1
bmg2026gmjl,4,0.9909,0.0091,11.11,4.72,5.49,15.0,2.41,7.2028,1.289,0.9909,1
bmg2026gmjl,5,0.9922,0.0078,10.51,7.29,5.49,15.0,2.41,7.2028,1.289,0.9922,1
bmg2026gmjl,6,0.9902,0.0098,11.36,5.18,5.49,15.0,2.41,7.2028,1.289,0.9902,1
bmg2026gmjl,7,0.9916,0.0084,10.74,6.12,5.49,15.0,2.41,7.2028,1.289,0.9916,1
bmg2026gmjl,8,0.9906,0.0094,11.02,4.21,5.49,15.0,2.41,7.2028,1.289,0.9906,1
bmg2026gmjl,9,0.9898,0.0102,11.37,3.91,5.49,15.0,2.41,7.2028,1.289,0.9898,1
bmg2026gmjl,10,0.9916,0.0084,10.66,4.95,5.49,15.0,2.41,7.2028,1.289,0.9916,1
bmg2026gmjl,11,0.9918,0.0082,10.5,3.98,5.49,15.0,2.41,7.2028,1.289,0.9918,1
bmg2026gmjl,12,0.9812,0.0188,16.38,0.54,5.49,15.0,2.41,7.2028,1.289,0.9812,1
bmg2026gmjl,13,0.9815,0.0185,16.28,1.53,5.49,15.0,2.41,7.2028,1.289,0.9815,1
bmg2026gmjl,14,0.9903,0.0097,11.37,4.21,5.49,15.0,2.41,7.2028,1.289,0.9903,1
bmg2026gmfs,0,0.9876,0.0124,13.11,2.95,5.47,14.0,2.43,7.2028,1.289,0.9876,1
bmg2026gmfs,1,0.9849,0.0151,14.83,0.34,5.47,14.0,2.43,7.2028,1.289,0.9849,1
bmg2026gmfs,2,0.9854,0.0146,14.0,2.43,5.47,14.0,2.43,7.2028,1.289,0.9854,1
bmg2026gmfs,3,0.9925,0.0075,9.72,5.11,5.47,14.0,2.43,7.2028,1.289,0.9925,1
bmg2026gmfs,4,0.9909,0.0091,11.11,4.85,5.47,14.0,2.43,7.2028,1.289,0.9909,1
bmg2026gmfs,5,0.9922,0.0078,10.51,7.42,5.47,14.0,2.43,7.2028,1.289,0.9922,1
bmg2026gmfs,6,0.9902,0.0098,11.36,5.31,5.47,14.0,2.43,7.2028,1.289,0.9902,1
bmg2026gmfs,7,0.9916,0.0084,10.74,6.25,5.47,14.0,2.43,7.2028,1.289,0.9916,1
bmg2026gmfs,8,0.9906,0.0094,11.02,4.34,5.47,14.0,2.43,7.2028,1.289,0.9906,1
bmg2026gmfs,9,0.9898,0.0102,11.37,4.04,5.47,14.0,2.43,7.2028,1.289,0.9898,1
bmg2026gmfs,10,0.9916,0.0084,10.66,5.08,5.47,14.0,2.43,7.2028,1.289,0.9916,1
bmg2026gmfs,11,0.9918,0.0082,10.5,4.12,5.47,14.0,2.43,7.2028,1.289,0.9918,1
bmg2026gmfs,12,0.9812,0.0188,16.38,0.41,5.47,14.0,2.43,7.2028,1.289,0.9812,1
bmg2026gmfs,13,0.9815,0.0185,16.28,1.4,5.47,14.0,2.43,7.2028,1.289,0.9815,1
bmg2026gmfs,14,0.9903,0.0097,11.37,4.34,5.47,14.0,2.43,7.2028,1.289,0.9903,1
bmg2026gmdj,0,0.9876,0.0124,13.11,3.71,5.48,16.0,2.97,7.2028,1.289,0.9876,1
bmg2026gmdj,1,0.9849,0.0151,14.83,1.09,5.48,16.0,2.97,7.2028,1.289,0.9849,1
bmg2026gmdj,2,0.9854,0.0146,14.0,3.18,5.48,16.0,2.97,7.2028,1.289,0.9854,1
bmg2026gmdj,3,0.9925,0.0075,9.72,5.87,5.48,16.0,2.97,7.2028,1.289,0.9925,1
bmg2026gmdj,4,0.9909,0.0091,11.11,5.61,5.48,16.0,2.97,7.2028,1.289,0.9909,1
bmg2026gmdj,5,0.9922,0.0078,10.51,8.18,5.48,16.0,2.97,7.2028,1.289,0.9922,1
bmg2026gmdj,6,0.9902,0.0098,11.36,6.06,5.48,16.0,2.97,7.2028,1.289,0.9902,1
bmg2026gmdj,7,0.9916,0.0084,10.74,7.01,5.48,16.0,2.97,7.2028,1.289,0.9916,1
bmg2026gmdj,8,0.9906,0.0094,11.02,5.09,5.48,16.0,2.97,7.2028,1.289,0.9906,1
bmg2026gmdj,9,0.9898,0.0102,11.37,4.8,5.48,16.0,2.97,7.2028,1.289,0.9898,1
bmg2026gmdj,10,0.9916,0.0084,10.66,5.84,5.48,16.0,2.97,7.2028,1.289,0.9916,1
bmg2026gmdj,11,0.9918,0.0082,10.5,4.87,5.48,16.0,2.97,7.2028,1.289,0.9918,1
bmg2026gmdj,12,0.9812,0.0188,16.38,0.35,5.48,16.0,2.97,7.2028,1.289,0.9812,1
bmg2026gmdj,13,0.9815,0.0185,16.28,0.64,5.48,16.0,2.97,7.2028,1.289,0.9815,1
bmg2026gmdj,14,0.9903,0.0097,11.37,5.09,5.48,16.0,2.97,7.2028,1.289,0.9903,1
bmg2026gmda,0,0.9876,0.0124,13.11,3.68,5.64,12.0,2.94,7.2028,1.289,0.9876,1
bmg2026gmda,1,0.9849,0.0151,14.83,1.06,5.64,12.0,2.94,7.2028,1.289,0.9849,1
bmg2026gmda,2,0.9854,0.0146,14.0,3.15,5.64,12.0,2.94,7.2028,1.289,0.9854,1
bmg2026gmda,3,0.9925,0.0075,9.72,5.84,5.64,12.0,2.94,7.2028,1.289,0.9925,1
bmg2026gmda,4,0.9909,0.0091,11.11,5.58,5.64,12.0,2.94,7.2028,1.289,0.9909,1
bmg2026gmda,5,0.9922,0.0078,10.51,8.15,5.64,12.0,2.94,7.2028,1.289,0.9922,1
bmg2026gmda,6,0.9902,0.0098,11.36,6.04,5.64,12.0,2.94,7.2028,1.289,0.9902,1
bmg2026gmda,7,0.9916,0.0084,10.74,6.98,5.64,12.0,2.94,7.2028,1.289,0.9916,1
bmg2026gmda,8,0.9906,0.0094,11.02,5.07,5.64,12.0,2.94,7.2028,1.289,0.9906,1
bmg2026gmda,9,0.9898,0.0102,11.37,4.77,5.64,12.0,2.94,7.2028,1.289,0.9898,1
bmg2026gmda,10,0.9916,0.0084,10.66,5.81,5.64,12.0,2.94,7.2028,1.289,0.9916,1
bmg2026gmda,11,0.9918,0.0082,10.5,4.84,5.64,12.0,2.94,7.2028,1.289,0.9918,1
bmg2026gmda,12,0.9812,0.0188,16.38,0.32,5.64,12.0,2.94,7.2028,1.289,0.9812,1
bmg2026gmda,13,0.9815,0.0185,16.28,0.67,5.64,12.0,2.94,7.2028,1.289,0.9815,1
bmg2026gmda,14,0.9903,0.0097,11.37,5.06,5.64,12.0,2.94,7.2028,1.289,0.9903,1
bmg2026glmu,0,0.9849,0.0151,14.83,1.27,5.12,21.0,3.14,7.2028,1.289,0.9849,1
bmg2026glmu,1,0.9854,0.0146,14.0,3.36,5.12,21.0,3.14,7.2028,1.289,0.9854,1
bmg2026glmu,2,0.9925,0.0075,9.72,6.04,5.12,21.0,3.14,7.2028,1.289,0.9925,1
bmg2026glmu,3,0.9909,0.0091,11.11,5.78,5.12,21.0,3.14,7.2028,1.289,0.9909,1
bmg2026glmu,4,0.9922,0.0078,10.51,8.35,5.12,21.0,3.14,7.2028,1.289,0.9922,1
bmg2026glmu,5,0.9902,0.0098,11.36,6.24,5.12,21.0,3.14,7.2028,1.289,0.9902,1
bmg2026glmu,6,0.9916,0.0084,10.74,7.18,5.12,21.0,3.14,7.2028,1.289,0.9916,1
bmg2026glmu,7,0.9906,0.0094,11.02,5.27,5.12,21.0,3.14,7.2028,1.289,0.9906,1
bmg2026glmu,8,0.9898,0.0102,11.37,4.98,5.12,21.0,3.14,7.2028,1.289,0.9898,1
bmg2026glmu,9,0.9916,0.0084,10.66,6.01,5.12,21.0,3.14,7.2028,1.289,0.9916,1
bmg2026glmu,10,0.9918,0.0082,10.5,5.05,5.12,21.0,3.14,7.2028,1.289,0.9918,1
bmg2026glmu,11,0.9812,0.0188,16.38,0.52,5.12,21.0,3.14,7.2028,1.289,0.9812,1
bmg2026glmu,12,0.9815,0.0185,16.28,0.47,5.12,21.0,3.14,7.2028,1.289,0.9815,1
bmg2026glmu,13,0.9903,0.0097,11.37,5.27,5.12,21.0,3.14,7.2028,1.289,0.9903,1
bmg2026glmu,14,0.9861,0.0139,13.61,2.34,5.12,21.0,3.14,7.2028,1.289,0.9861,1
bmg2026gllr,0,0.9849,0.0151,14.83,16.19,5.24,10.0,14.33,7.2028,1.289,0.9849,1
bmg2026gllr,1,0.9854,0.0146,14.0,14.09,5.24,10.0,14.33,7.2028,1.289,0.9854,1
bmg2026gllr,2,0.9925,0.0075,9.72,11.41,5.24,10.0,14.33,7.2028,1.289,0.9925,1
bmg2026gllr,3,0.9909,0.0091,11.11,11.67,5.24,10.0,14.33,7.2028,1.289,0.9909,1
bmg2026gllr,4,0.9922,0.0078,10.51,9.1,5.24,10.0,14.33,7.2028,1.289,0.9922,1
bmg2026gllr,5,0.9902,0.0098,11.36,11.21,5.24,10.0,14.33,7.2028,1.289,0.9902,1
bmg2026gllr,6,0.9916,0.0084,10.74,10.27,5.24,10.0,14.33,7.2028,1.289,0.9916,1
bmg2026gllr,7,0.9906,0.0094,11.02,12.18,5.24,10.0,14.33,7.2028,1.289,0.9906,1
bmg2026gllr,8,0.9898,0.0102,11.37,12.48,5.24,10.0,14.33,7.2028,1.289,0.9898,1
bmg2026gllr,9,0.9916,0.0084,10.66,11.44,5.24,10.0,14.33,7.2028,1.289,0.9916,1
bmg2026gllr,10,0.9918,0.0082,10.5,12.41,5.24,10.0,14.33,7.2028,1.289,0.9918,1
bmg2026gllr,11,0.9812,0.0188,16.38,16.93,5.24,10.0,14.33,7.2028,1.289,0.9812,1
bmg2026gllr,12,0.9815,0.0185,16.28,17.92,5.24,10.0,14.33,7.2028,1.289,0.9815,1
bmg2026gllr,13,0.9903,0.0097,11.37,12.18,5.24,10.0,14.33,7.2028,1.289,0.9903,1
bmg2026gllr,14,0.9861,0.0139,13.61,15.12,5.24,10.0,14.33,7.2028,1.289,0.9861,1
bmg2026gljq,0,0.9849,0.0151,14.83,1.34,5.66,10.0,3.22,7.2028,1.289,0.9849,1
bmg2026gljq,1,0.9854,0.0146,14.0,3.44,5.66,10.0,3.22,7.2028,1.289,0.9854,1
bmg2026gljq,2,0.9925,0.0075,9.72,6.12,5.66,10.0,3.22,7.2028,1.289,0.9925,1
bmg2026gljq,3,0.9909,0.0091,11.11,5.86,5.66,10.0,3.22,7.2028,1.289,0.9909,1
bmg2026gljq,4,0.9922,0.0078,10.51,8.43,5.66,10.0,3.22,7.2028,1.289,0.9922,1
bmg2026gljq,5,0.9902,0.0098,11.36,6.32,5.66,10.0,3.22,7.2028,1.289,0.9902,1
bmg2026gljq,6,0.9916,0.0084,10.74,7.26,5.66,10.0,3.22,7.2028,1.289,0.9916,1
bmg2026gljq,7,0.9906,0.0094,11.02,5.35,5.66,10.0,3.22,7.2028,1.289,0.9906,1
bmg2026gljq,8,0.9898,0.0102,11.37,5.05,5.66,10.0,3.22,7.2028,1.289,0.9898,1
bmg2026gljq,9,0.9916,0.0084,10.66,6.09,5.66,10.0,3.22,7.2028,1.289,0.9916,1
bmg2026gljq,10,0.9918,0.0082,10.5,5.12,5.66,10.0,3.22,7.2028,1.289,0.9918,1
bmg2026gljq,11,0.9812,0.0188,16.38,0.6,5.66,10.0,3.22,7.2028,1.289,0.9812,1
bmg2026gljq,12,0.9815,0.0185,16.28,0.39,5.66,10.0,3.22,7.2028,1.289,0.9815,1
bmg2026gljq,13,0.9903,0.0097,11.37,5.35,5.66,10.0,3.22,7.2028,1.289,0.9903,1
bmg2026gljq,14,0.9861,0.0139,13.61,2.41,5.66,10.0,3.22,7.2028,1.289,0.9861,1
bmg2026gliy,0,0.9849,0.0151,14.83,1.5,5.8,10.0,3.37,7.2028,1.289,0.9849,1
bmg2026gliy,1,0.9854,0.0146,14.0,3.59,5.8,10.0,3.37,7.2028,1.289,0.9854,1
bmg2026gliy,2,0.9925,0.0075,9.72,6.27,5.8,10.0,3.37,7.2028,1.289,0.9925,1
bmg2026gliy,3,0.9909,0.0091,11.11,6.02,5.8,10.0,3.37,7.2028,1.289,0.9909,1
bmg2026gliy,4,0.9922,0.0078,10.51,8.58,5.8,10.0,3.37,7.2028,1.289,0.9922,1
bmg2026gliy,5,0.9902,0.0098,11.36,6.47,5.8,10.0,3.37,7.2028,1.289,0.9902,1
bmg2026gliy,6,0.9916,0.0084,10.74,7.42,5.8,10.0,3.37,7.2028,1.289,0.9916,1
bmg2026gliy,7,0.9906,0.0094,11.02,5.5,5.8,10.0,3.37,7.2028,1.289,0.9906,1
bmg2026gliy,8,0.9898,0.0102,11.37,5.21,5.8,10.0,3.37,7.2028,1.289,0.9898,1
bmg2026gliy,9,0.9916,0.0084,10.66,6.25,5.8,10.0,3.37,7.2028,1.289,0.9916,1
bmg2026gliy,10,0.9918,0.0082,10.5,5.28,5.8,10.0,3.37,7.2028,1.289,0.9918,1
bmg2026gliy,11,0.9812,0.0188,16.38,0.76,5.8,10.0,3.37,7.2028,1.289,0.9812,1
bmg2026gliy,12,0.9815,0.0185,16.28,0.24,5.8,10.0,3.37,7.2028,1.289,0.9815,1
bmg2026gliy,13,0.9903,0.0097,11.37,5.5,5.8,10.0,3.37,7.2028,1.289,0.9903,1
bmg2026gliy,14,0.9861,0.0139,13.61,2.57,5.8,10.0,3.37,7.2028,1.289,0.9861,1
bmg2026glds,0,0.9849,0.0151,14.83,1.92,5.08,10.0,3.79,7.2028,1.289,0.9849,1
bmg2026glds,1,0.9854,0.0146,14.0,4.01,5.08,10.0,3.79,7.2028,1.289,0.9854,1
bmg2026glds,2,0.9925,0.0075,9.72,6.69,5.08,10.0,3.79,7.2028,1.289,0.9925,1
bmg2026glds,3,0.9909,0.0091,11.11,6.43,5.08,10.0,3.79,7.2028,1.289,0.9909,1
bmg2026glds,4,0.9922,0.0078,10.51,9.0,5.08,10.0,3.79,7.2028,1.289,0.9922,1
bmg2026glds,5,0.9902,0.0098,11.36,6.89,5.08,10.0,3.79,7.2028,1.289,0.9902,1
bmg2026glds,6,0.9916,0.0084,10.74,7.83,5.08,10.0,3.79,7.2028,1.289,0.9916,1
bmg2026glds,7,0.9906,0.0094,11.02,5.92,5.08,10.0,3.79,7.2028,1.289,0.9906,1
bmg2026glds,8,0.9898,0.0102,11.37,5.62,5.08,10.0,3.79,7.2028,1.289,0.9898,1
bmg2026glds,9,0.9916,0.0084,10.66,6.66,5.08,10.0,3.79,7.2028,1.289,0.9916,1
bmg2026glds,10,0.9918,0.0082,10.5,5.7,5.08,10.0,3.79,7.2028,1.289,0.9918,1
bmg2026glds,11,0.9812,0.0188,16.38,1.17,5.08,10.0,3.79,7.2028,1.289,0.9812,1
bmg2026glds,12,0.9815,0.0185,16.28,0.18,5.08,10.0,3.79,7.2028,1.289,0.9815,1
bmg2026glds,13,0.9903,0.0097,11.37,5.92,5.08,10.0,3.79,7.2028,1.289,0.9903,1
bmg2026glds,14,0.9861,0.0139,13.61,2.98,5.08,10.0,3.79,7.2028,1.289,0.9861,1
bmg2026gkuu,0,0.9849,0.0151,14.83,1.25,5.38,10.0,3.12,7.2028,1.289,0.9849,1
bmg2026gkuu,1,0.9854,0.0146,14.0,3.34,5.38,10.0,3.12,7.2028,1.289,0.9854,1
bmg2026gkuu,2,0.9925,0.0075,9.72,6.02,5.38,10.0,3.12,7.2028,1.289,0.9925,1
bmg2026gkuu,3,0.9909,0.0091,11.11,5.77,5.38,10.0,3.12,7.2028,1.289,0.9909,1
bmg2026gkuu,4,0.9922,0.0078,10.51,8.33,5.38,10.0,3.12,7.2028,1.289,0.9922,1
bmg2026gkuu,5,0.9902,0.0098,11.36,6.22,5.38,10.0,3.12,7.2028,1.289,0.9902,1
bmg2026gkuu,6,0.9916,0.0084,10.74,7.16,5.38,10.0,3.12,7.2028,1.289,0.9916,1
bmg2026gkuu,7,0.9906,0.0094,11.02,5.25,5.38,10.0,3.12,7.2028,1.289,0.9906,1
bmg2026gkuu,8,0.9898,0.0102,11.37,4.96,5.38,10.0,3.12,7.2028,1.289,0.9898,1
bmg2026gkuu,9,0.9916,0.0084,10.66,5.99,5.38,10.0,3.12,7.2028,1.289,0.9916,1
bmg2026gkuu,10,0.9918,0.0082,10.5,5.03,5.38,10.0,3.12,7.2028,1.289,0.9918,1
bmg2026gkuu,11,0.9812,0.0188,16.38,0.51,5.38,10.0,3.12,7.2028,1.289,0.9812,1
bmg2026gkuu,12,0.9815,0.0185,16.28,0.49,5.38,10.0,3.12,7.2028,1.289,0.9815,1
bmg2026gkuu,13,0.9903,0.0097,11.37,5.25,5.38,10.0,3.12,7.2028,1.289,0.9903,1
bmg2026gkuu,14,0.9861,0.0139,13.61,2.32,5.38,10.0,3.12,7.2028,1.289,0.9861,1
bmg2026gknn,0,0.9849,0.0151,14.83,0.91,6.2,10.0,2.79,7.2028,1.289,0.9849,1
bmg2026gknn,1,0.9854,0.0146,14.0,3.0,6.2,10.0,2.79,7.2028,1.289,0.9854,1
bmg2026gknn,2,0.9925,0.0075,9.72,5.69,6.2,10.0,2.79,7.2028,1.289,0.9925,1
bmg2026gknn,3,0.9909,0.0091,11.11,5.43,6.2,10.0,2.79,7.2028,1.289,0.9909,1
bmg2026gknn,4,0.9922,0.0078,10.51,8.0,6.2,10.0,2.79,7.2028,1.289,0.9922,1
bmg2026gknn,5,0.9902,0.0098,11.36,5.89,6.2,10.0,2.79,7.2028,1.289,0.9902,1
bmg2026gknn,6,0.9916,0.0084,10.74,6.83,6.2,10.0,2.79,7.2028,1.289,0.9916,1
bmg2026gknn,7,0.9906,0.0094,11.02,4.92,6.2,10.0,2.79,7.2028,1.289,0.9906,1
bmg2026gknn,8,0.9898,0.0102,11.37,4.62,6.2,10.0,2.79,7.2028,1.289,0.9898,1
bmg2026gknn,9,0.9916,0.0084,10.66,5.66,6.2,10.0,2.79,7.2028,1.289,0.9916,1
bmg2026gknn,10,0.9918,0.0082,10.5,4.69,6.2,10.0,2.79,7.2028,1.289,0.9918,1
bmg2026gknn,11,0.9812,0.0188,16.38,0.17,6.2,10.0,2.79,7.2028,1.289,0.9812,1
bmg2026gknn,12,0.9815,0.0185,16.28,0.82,6.2,10.0,2.79,7.2028,1.289,0.9815,1
bmg2026gknn,13,0.9903,0.0097,11.37,4.92,6.2,10.0,2.79,7.2028,1.289,0.9903,1
bmg2026gknn,14,0.9861,0.0139,13.61,1.98,6.2,10.0,2.79,7.2028,1.289,0.9861,1
bmg2026gknh,0,0.9849,0.0151,14.83,1.44,5.87,10.0,3.31,7.2028,1.289,0.9849,1
bmg2026gknh,1,0.9854,0.0146,14.0,3.53,5.87,10.0,3.31,7.2028,1.289,0.9854,1
bmg2026gknh,2,0.9925,0.0075,9.72,6.21,5.87,10.0,3.31,7.2028,1.289,0.9925,1
bmg2026gknh,3,0.9909,0.0091,11.11,5.95,5.87,10.0,3.31,7.2028,1.289,0.9909,1
bmg2026gknh,4,0.9922,0.0078,10.51,8.52,5.87,10.0,3.31,7.2028,1.289,0.9922,1
bmg2026gknh,5,0.9902,0.0098,11.36,6.41,5.87,10.0,3.31,7.2028,1.289,0.9902,1
bmg2026gknh,6,0.9916,0.0084,10.74,7.35,5.87,10.0,3.31,7.2028,1.289,0.9916,1
bmg2026gknh,7,0.9906,0.0094,11.02,5.44,5.87,10.0,3.31,7.2028,1.289,0.9906,1
bmg2026gknh,8,0.9898,0.0102,11.37,5.15,5.87,10.0,3.31,7.2028,1.289,0.9898,1
bmg2026gknh,9,0.9916,0.0084,10.66,6.18,5.87,10.0,3.31,7.2028,1.289,0.9916,1
bmg2026gknh,10,0.9918,0.0082,10.5,5.22,5.87,10.0,3.31,7.2028,1.289,0.9918,1
bmg2026gknh,11,0.9812,0.0188,16.38,0.69,5.87,10.0,3.31,7.2028,1.289,0.9812,1
bmg2026gknh,12,0.9815,0.0185,16.28,0.3,5.87,10.0,3.31,7.2028,1.289,0.9815,1
bmg2026gknh,13,0.9903,0.0097,11.37,5.44,5.87,10.0,3.31,7.2028,1.289,0.9903,1
bmg2026gknh,14,0.9861,0.0139,13.61,2.51,5.87,10.0,3.31,7.2028,1.289,0.9861,1
bmg2026gklc,0,0.9849,0.0151,14.83,1.57,5.27,55.0,3.44,7.2028,1.289,0.9849,0
bmg2026gklc,1,0.9854,0.0146,14.0,3.66,5.27,55.0,3.44,7.2028,1.289,0.9854,0
bmg2026gklc,2,0.9925,0.0075,9.72,6.34,5.27,55.0,3.44,7.2028,1.289,0.9925,0
bmg2026gklc,3,0.9909,0.0091,11.11,6.09,5.27,55.0,3.44,7.2028,1.289,0.9909,0
bmg2026gklc,4,0.9922,0.0078,10.51,8.65,5.27,55.0,3.44,7.2028,1.289,0.9922,0
bmg2026gklc,5,0.9902,0.0098,11.36,6.54,5.27,55.0,3.44,7.2028,1.289,0.9902,0
bmg2026gklc,6,0.9916,0.0084,10.74,7.49,5.27,55.0,3.44,7.2028,1.289,0.9916,0
bmg2026gklc,7,0.9906,0.0094,11.02,5.57,5.27,55.0,3.44,7.2028,1.289,0.9906,0
bmg2026gklc,8,0.9898,0.0102,11.37,5.28,5.27,55.0,3.44,7.2028,1.289,0.9898,0
bmg2026gklc,9,0.9916,0.0084,10.66,6.32,5.27,55.0,3.44,7.2028,1.289,0.9916,0
bmg2026gklc,10,0.9918,0.0082,10.5,5.35,5.27,55.0,3.44,7.2028,1.289,0.9918,0
bmg2026gklc,11,0.9812,0.0188,16.38,0.83,5.27,55.0,3.44,7.2028,1.289,0.9812,0
bmg2026gklc,12,0.9815,0.0185,16.28,0.17,5.27,55.0,3.44,7.2028,1.289,0.9815,0
bmg2026gklc,13,0.9903,0.0097,11.37,5.57,5.27,55.0,3.44,7.2028,1.289,0.9903,0
bmg2026gklc,14,0.9861,0.0139,13.61,2.64,5.27,55.0,3.44,7.2028,1.289,0.9861,0
bmg2026gkfb,0,0.9854,0.0146,14.0,2.8,5.5,57.0,2.58,7.2028,1.289,0.9854,0
bmg2026gkfb,1,0.9925,0.0075,9.72,5.48,5.5,57.0,2.58,7.2028,1.289,0.9925,0
bmg2026gkfb,2,0.9909,0.0091,11.11,5.22,5.5,57.0,2.58,7.2028,1.289,0.9909,0
bmg2026gkfb,3,0.9922,0.0078,10.51,7.79,5.5,57.0,2.58,7.2028,1.289,0.9922,0
bmg2026gkfb,4,0.9902,0.0098,11.36,5.68,5.5,57.0,2.58,7.2028,1.289,0.9902,0
bmg2026gkfb,5,0.9916,0.0084,10.74,6.62,5.5,57.0,2.58,7.2028,1.289,0.9916,0
bmg2026gkfb,6,0.9906,0.0094,11.02,4.71,5.5,57.0,2.58,7.2028,1.289,0.9906,0
bmg2026gkfb,7,0.9898,0.0102,11.37,4.41,5.5,57.0,2.58,7.2028,1.289,0.9898,0
bmg2026gkfb,8,0.9916,0.0084,10.66,5.45,5.5,57.0,2.58,7.2028,1.289,0.9916,0
bmg2026gkfb,9,0.9918,0.0082,10.5,4.49,5.5,57.0,2.58,7.2028,1.289,0.9918,0
bmg2026gkfb,10,0.9812,0.0188,16.38,0.04,5.5,57.0,2.58,7.2028,1.289,0.9812,0
bmg2026gkfb,11,0.9815,0.0185,16.28,1.03,5.5,57.0,2.58,7.2028,1.289,0.9815,0
bmg2026gkfb,12,0.9903,0.0097,11.37,4.71,5.5,57.0,2.58,7.2028,1.289,0.9903,0
bmg2026gkfb,13,0.9861,0.0139,13.61,1.77,5.5,57.0,2.58,7.2028,1.289,0.9861,0
bmg2026gkfb,14,0.9886,0.0114,12.32,3.77,5.5,57.0,2.58,7.2028,1.289,0.9886,0
bmg2026gkek,0,0.9854,0.0146,14.0,3.5,7.53,33.0,3.28,7.2028,1.289,0.9854,1
bmg2026gkek,1,0.9925,0.0075,9.72,6.18,7.53,33.0,3.28,7.2028,1.289,0.9925,1
bmg2026gkek,2,0.9909,0.0091,11.11,5.92,7.53,33.0,3.28,7.2028,1.289,0.9909,1
bmg2026gkek,3,0.9922,0.0078,10.51,8.49,7.53,33.0,3.28,7.2028,1.289,0.9922,1
bmg2026gkek,4,0.9902,0.0098,11.36,6.38,7.53,33.0,3.28,7.2028,1.289,0.9902,1
bmg2026gkek,5,0.9916,0.0084,10.74,7.32,7.53,33.0,3.28,7.2028,1.289,0.9916,1
bmg2026gkek,6,0.9906,0.0094,11.02,5.41,7.53,33.0,3.28,7.2028,1.289,0.9906,1
bmg2026gkek,7,0.9898,0.0102,11.37,5.11,7.53,33.0,3.28,7.2028,1.289,0.9898,1
bmg2026gkek,8,0.9916,0.0084,10.66,6.15,7.53,33.0,3.28,7.2028,1.289,0.9916,1
bmg2026gkek,9,0.9918,0.0082,10.5,5.18,7.53,33.0,3.28,7.2028,1.289,0.9918,1
bmg2026gkek,10,0.9812,0.0188,16.38,0.66,7.53,33.0,3.28,7.2028,1.289,0.9812,1
bmg2026gkek,11,0.9815,0.0185,16.28,0.33,7.53,33.0,3.28,7.2028,1.289,0.9815,1
bmg2026gkek,12,0.9903,0.0097,11.37,5.41,7.53,33.0,3.28,7.2028,1.289,0.9903,1
bmg2026gkek,13,0.9861,0.0139,13.61,2.47,7.53,33.0,3.28,7.2028,1.289,0.9861,1
bmg2026gkek,14,0.9886,0.0114,12.32,4.47,7.53,33.0,3.28,7.2028,1.289,0.9886,1
bmg2026gjjm,0,0.9854,0.0146,14.0,4.31,5.32,14.0,4.53,7.2028,1.289,0.9854,1
bmg2026gjjm,1,0.9925,0.0075,9.72,1.62,5.32,14.0,4.53,7.2028,1.289,0.9925,1
bmg2026gjjm,2,0.9909,0.0091,11.11,1.88,5.32,14.0,4.53,7.2028,1.289,0.9909,1
bmg2026gjjm,3,0.9922,0.0078,10.51,0.69,5.32,14.0,4.53,7.2028,1.289,0.9922,1
bmg2026gjjm,4,0.9902,0.0098,11.36,1.42,5.32,14.0,4.53,7.2028,1.289,0.9902,1
bmg2026gjjm,5,0.9916,0.0084,10.74,0.48,5.32,14.0,4.53,7.2028,1.289,0.9916,1
bmg2026gjjm,6,0.9906,0.0094,11.02,2.39,5.32,14.0,4.53,7.2028,1.289,0.9906,1
bmg2026gjjm,7,0.9898,0.0102,11.37,2.69,5.32,14.0,4.53,7.2028,1.289,0.9898,1
bmg2026gjjm,8,0.9916,0.0084,10.66,1.65,5.32,14.0,4.53,7.2028,1.289,0.9916,1
bmg2026gjjm,9,0.9918,0.0082,10.5,2.62,5.32,14.0,4.53,7.2028,1.289,0.9918,1
bmg2026gjjm,10,0.9812,0.0188,16.38,7.14,5.32,14.0,4.53,7.2028,1.289,0.9812,1
bmg2026gjjm,11,0.9815,0.0185,16.28,8.13,5.32,14.0,4.53,7.2028,1.289,0.9815,1
bmg2026gjjm,12,0.9903,0.0097,11.37,2.39,5.32,14.0,4.53,7.2028,1.289,0.9903,1
bmg2026gjjm,13,0.9861,0.0139,13.61,5.33,5.32,14.0,4.53,7.2028,1.289,0.9861,1
bmg2026gjjm,14,0.9886,0.0114,12.32,3.33,5.32,14.0,4.53,7.2028,1.289,0.9886,1
