relative_path,file_size_bytes,sha256,modified
figures\png\az14_az15_mechanism.png,282632,a58919688e3614fa678985677a52a6b2136386c605b61c84593d230ba080c2bb,2026-06-02T10:40:49.076249
figures\png\az16_mechanism.png,340491,355707484fa7ab05128985f406f8c63969b04048a8e18d936927f679983846ad,2026-06-02T11:46:59.768453
figures\png\az17_causal_chain.png,353015,100f92c75251d4cf5e84035c95e41e8d6b52097fc861868e4cdd2df0e78c06e8,2026-06-02T13:50:06.427822
figures\png\az4_information_gain.png,77610,8a547933de28ff8e7af7a7d957798bef85c0b32f24fb412d5978bc5928dbd4f5,2026-06-02T08:08:39.231194
figures\png\az5_spatial_consistency.png,253145,92ce75dad5b6bedb12a720cbc69ee41a9e88e81579948c1f930ef56ecac77ff0,2026-06-02T08:26:55.111926
figures\png\az6_az12_scientific.png,293709,9425f72deba7de659eefea8ccc3ddba2b5d81359a5cb9404661e820d459ddd0f,2026-06-02T09:56:43.321571
figures\png\az8b_az8c_az13_combined.png,329779,bd11bf6c94ef4e26eefa699746d240f23899d82177e2fa76f4f5584bb4aa8928,2026-06-02T10:27:38.016242
figures\png\az8r_consensus_validation.png,203398,58a91cd45302dd372e305718575e93e141f649d2947c5d0fd5d2fe6a06484ed3,2026-06-02T10:19:24.116827
figures\png\bse2_optimal_ensemble.png,212365,a84513779786331561de40cfa287159223fec7cdbe4cf014a9ddd4a56c50322f,2026-06-02T09:12:48.820607
figures\png\o1_roc_pr_curves.png,195676,4410aa231aa81b7d98b2bc03994304b7901776fed794c61ff7b0579b58a86ea0,2026-06-01T09:25:37.154114
figures\png\o2_calibration.png,126536,8516e33923faf2af6dce5eacdaf35e62eb6e4df5f5ae3c9cc63ea19577cd8760,2026-06-01T09:25:37.975161
figures\png\o3_distribution.png,175654,71efbad385919e620f07468e2e18aa009c3d7473105f5add254f230ecf6fa39e,2026-06-01T09:25:39.547749
figures\png\o4_checkpoint_radar.png,172336,ec9d1070be34396775c03b8b758bce56cd7e97a9d683160eca20597394d30bc8,2026-06-01T09:25:39.868930
figures\png\p1_precursor_window.png,107193,9f644afb649dcce1b2b36a02a3d7e2396faacfe744a4f8112be9bda2d0725e21,2026-06-01T09:32:21.815428
figures\png\p21_event_centered_curves.png,380398,63a7615c57aec59d3902352b2a1851dc5b11b46741ddf6484dd7ae926c332bca,2026-06-01T09:52:10.215295
figures\png\p22_station_sensitivity.png,84658,51592a53621dca6cacb4139637cc203aaf501f740c5db9a7ecf031ca0bfd30c8,2026-06-01T09:57:09.560076
figures\png\p23_bootstrap_ci.png,120621,d98764c9ef4eba20440b157757ec28974a14d4ab5fb418734cb7994a34c44e9c,2026-06-01T09:52:56.478796
figures\png\p2_lead_time.png,186502,8c424557f7e65c47d3a1fa0f57c8b9eb421b9cdcbfc3c1817a3a1d653f230724,2026-06-01T09:32:23.047982
figures\png\p2_leadtime_aggregated.png,330402,bcde8844c620e0a540a59b4e4302604fe088706a2e2d06b77633ec3dd5402438,2026-06-01T09:36:06.574584
figures\png\p2_near_far_delta.png,69807,3de1fc9c7ada0631d35b4249f3165fce6da3d4e056312e0add0f736c0c8d9131,2026-06-01T09:36:07.207646
figures\png\p2_per_event_trajectory.png,700239,59513a15987ede265e455534c2bec7cdc29ec7dd0738b5f6b7f1969ab5dfa79f,2026-06-01T09:36:07.041348
figures\png\p31_temporal_curves.png,637313,6c5416516a417cb818b3080cde5fce3e4c54aa2fac2165fc0cfc285e51c13506,2026-06-01T10:15:42.120851
figures\png\p33_bootstrap_temporal.png,173595,f18dd61b63a95e8f4036141fa70ede4e6031b60f126eea8b227ca23e066b2efc,2026-06-01T10:18:35.746626
figures\png\p34_early_warning_horizon.png,131071,9a990bc0232b53b5f82fb59175de4530992dbff0daa22e8b4c0f0a5d2a593aa9,2026-06-01T10:18:36.276095
figures\png\p35_station_contribution.png,160342,49f7989c8446d2d4da21fefe5f75f51241de8ccb4da3c73dbac92af9ce51601b,2026-06-01T10:18:36.710819
figures\png\p3_magnitude_stratified_roc.png,129349,b86170db99e1e51c4145a9ecaf4602cc4cb315589d970b200baaec438e297a3f,2026-06-01T09:32:23.264248
figures\png\po_optimization_summary.png,286491,ee495df3aafc69662135f19af0161be8f751757821fae31db4cb66158b92c0df,2026-06-02T08:46:11.957994
figures\png\s15_robustness_validation.png,77259,60a71cc36f4c98644d584ce7ce8407727bce5a7425b0d373350e8fa660d69ea2,2026-06-01T14:28:07.510033
figures\png\s17_power_analysis.png,191595,3944d16289c23988343f41a19d25db25678f041c51af216be0f55cd49159ad83,2026-06-01T11:32:04.410684
figures\png\s17_power_analysis_v2.png,168626,573293ec8d7f62a91f03dc570852fa981a12b79dc119353ca84a549d7df8f914,2026-06-01T11:37:29.617138
figures\png\s1_audit_evidence.png,223329,02bc6a2bba53e67397177d7dff6fc52d0f96abd90f3521cd29b7a6d47021f6e9,2026-06-01T11:23:00.611400
figures\png\s1_p3_reconciliation.png,124418,df2bba3d899a5bf9e1be751887e7d510039661046b6809ed0a025dd23bfa455b,2026-06-01T11:23:01.347091
figures\png\sr2_prior_engineering.png,274340,4e7eef667aa9a458b67bc1a56b0d6b6406dd51847beade2e291c42466ccfd4b2,2026-06-02T09:20:33.359953
figures\png\sr_bse_analysis.png,289603,b91018dda3166b119804c6d5197e2aa92a2532e46557fdd369c7ffaceb9bb464,2026-06-02T08:35:07.324217
manifests\file_hash_manifest.csv,12046,7e1cf6f9771d12e7174e1ead61a5fa7ce3d9c9f3255424ce94c8f61264516a7f,2026-06-02T15:27:59.172422
models\best_entropy_v8.pth,112262361,9c86cde7cae599beff171ca999ab170e2313d88fef3f832dadc94d3ad4fa483e,2026-04-24T10:56:05.422665
models\best_validation_v8.pth,112262361,9c86cde7cae599beff171ca999ab170e2313d88fef3f832dadc94d3ad4fa483e,2026-04-24T10:56:05.422665
models\final_v8.pth,112267799,e59ec4d689a9e355ee1ab1db1233e85be65007931a7715b937dbaabf97051622,2026-04-24T19:11:04.567882
models\v9_5_best.pth,38937867,1b114ce6cb7e4df111cf0c6bf38274137294b61c8e0dffab4f79950d68251a00,2026-05-01T11:53:12.782212
paper\Paper2_Draft_v0_1.md,19229,e6d3040e21fcb49191b1502a7597c4429fbaca3a50e7159c83e8fb6c8d3ca151,2026-06-02T14:58:38.490776
protocols\analysis_protocol.yaml,1531,6cca576d071e457edf511a8f4f1e89439a2284da03cd772a23e542236d6e77ed,2026-06-01T12:33:53.032507
protocols\CLAIM_REGISTER.md,5383,fba1ddb3dd95e84640624257c3d9eeb7156b1ca5414158419038b2e828220ee2,2026-06-01T12:33:53.035864
protocols\evaluation_protocol.md,4621,a878c0260819ed6654785f46a2b3656690145f7a44efc3bce71bcaf0988be20b,2026-06-01T12:33:53.034510
protocols\R1_2027_PREREGISTRATION.md,3331,fbabb6005795f2e6ffab5ebcf19930f4e904c2eeabc8e52cae17523b7cf90374,2026-06-01T12:33:53.039876
reports\AZ\az14_az15_results.json,2623,3ce343db38a7a5fcc490518ee7c91a2897d1b7613c32eccd44eb41b624305009,2026-06-02T10:40:49.393795
reports\AZ\AZ17_CAUSAL_CHAIN_REPORT.md,3490,d83e620edcbaab6664852c74d1adaefe0c22fc1a3a3e638050efd01b63983d8f,2026-06-02T14:04:51.587892
reports\AZ\az17_psem_results.json,2037,2937d46c6ab54b69f737171497f3c80aa6b01d9ae3a062c269715a3ef3f67673,2026-06-02T14:04:51.587892
reports\AZ\az17_sem_paths.csv,3335,e392d80cb923b55e663489eef68ec83f215210f8f9c83913e488865e44d2202b,2026-06-02T14:04:11.676485
reports\AZ\az1_results.json,428,2725539ca70b707668732bb0d1c3909ac62e5da7d78dd4d894d2e4aae1944eee,2026-06-02T07:14:38.700715
reports\AZ\az2_results.json,573,74cbfacd36f4188c74c10f2b18b3dcf953db1b78a784010378daffba642709ab,2026-06-02T07:21:49.145810
reports\AZ\az3_results.json,3349,1e138bf10d0c6ea21859740ef9ee9cc2c99c4c6c76568fda2374809330ccf296,2026-06-02T07:55:27.093124
reports\AZ\az4_results.json,869,79f5e87bacf2c17b0872dea80bac111e658a256dec27428a325b3e8fcfe57eda,2026-06-02T08:08:39.381795
reports\AZ\az5_results.json,953,5a10185bb822f807ec0b628aff8049fe239165288fcfce32f166153e21cb296c,2026-06-02T08:26:55.328419
reports\AZ\AZ8_CONSENSUS_VALIDATION_FINAL.md,1465,138da3a978e753b046977b7e0d3896fd4841b7213f6005c39efb8cfc9d5a6bac,2026-06-02T10:27:38.281672
reports\AZ\az8_validation_complete.json,1218,58bb5abf5b1a4a91156126c9abd3f9057e0c62b1c2b2ac8cdd468874e7dd19bd,2026-06-02T10:27:38.281672
reports\AZ\AZ_COMPLETE_REPORT.md,7695,25c95748aef07b7226c7e1492d95c241c0924aed0a551d1889094b26350c5be0,2026-06-02T08:27:47.994482
reports\BSE\BSE2_REPORT.md,5597,6e3dda9f8c27c6f3450b9c47031f1fbbd341f4c4ade323fd9022313a7d9ab6a5,2026-06-02T09:13:31.761708
reports\BSE\bse2_results.json,611,217467f1160423c6a86908bcdc0470ce8a7dbc882d41b14d267cedb0bfe9e2d7,2026-06-02T09:12:49.016516
reports\BSE\optimal_station_ensemble.csv,4312,ac479762fe4412089c86ddeacec6af4c08124dee9b6be9d147d4137f593a822f,2026-06-02T09:12:47.720852
reports\P2\event_centered_probability_table.csv,5826,1c19720a0da449c2e62024e35d56ec94bce83683f2e174d6c09e3fe14067afc4,2026-06-01T09:52:10.221332
reports\P2\p2_detailed_leadtime.json,1042,81236e7436a681b1da3556c0425a09ed7bcdec3a7d653ac03c606430d7653968,2026-06-01T09:36:07.207646
reports\P3\bootstrap_confidence_report.csv,441,95000397dc86c4911653d9d33dbf7530a4785a10868962c2fc5363abcc437d31,2026-06-01T09:52:56.482283
reports\P3\P3_TEMPORAL_VALIDATION_REPORT.md,7138,09f0833b9360a0b149ef2f7f2049699c43b7366aae5a68b8cedcae90a1958477,2026-06-01T10:18:36.715357
reports\R0\CLAIM_REGISTER.md,5383,fba1ddb3dd95e84640624257c3d9eeb7156b1ca5414158419038b2e828220ee2,2026-06-01T12:33:53.035864
reports\R0\model_manifest.csv,490,bda518769d1b23a05746dffe963f796d27e2e5e8f925a9d97dd4bca103a83071,2026-06-01T12:33:53.010507
reports\R0\pipeline_manifest.csv,1876,c00091511b9f5238665d4c0149303af7115aa55f3e27a1225e69e3194bdb3e8d,2026-06-01T12:46:14.511148
reports\R0\R0_FREEZE_COMPLETION_REPORT.md,2218,c99707ba05c0ae701fb87ee0c1c9e1aab7f17c1857280675588a8034f265b0e7,2026-06-01T12:33:53.041869
reports\R1\R1_2027_PREREGISTRATION.md,3331,fbabb6005795f2e6ffab5ebcf19930f4e904c2eeabc8e52cae17523b7cf90374,2026-06-01T12:33:53.039876
reports\S1\S1_COMPLETE_REPORT.md,5003,288ab5b7705414e3dd8525b78c3bf49cebc3a26f727e8bb75c9b9f21695ad450,2026-06-01T11:38:43.259883
reports\S1\S1_CRITICAL_AUDIT.md,10250,6c36359a852e4dd7ad22f953669f20ba5876e30d8c877332e016cb4cc7763c4a,2026-06-01T11:20:04.120362
reports\S1\S1_FINAL_VERDICT.md,4203,ea5a335ad814beaac3ba763b2bbe7b5bc7a7aded725db64a19020ea980f4adee,2026-06-01T11:24:26.392484
reports\S1\station_ranking_full.csv,3612,d4339f86af698788747191d4a69c3c2ff93503a8d14824114d51556f19cb36c1,2026-06-01T12:48:17.591805
reports\S1\station_stability_report.csv,3155,cc4f3eb4ec0487324541c30edfc64f7f04153a3378609370e0daab594bf615d7,2026-06-01T13:40:39.790787
reports\S1_7\s17_power_analysis_v2.csv,2358,71898e28b258d5820046e82b009b9f88374144b0edb5e8d05151ad894ca80611,2026-06-01T11:37:28.090532
reports\S1_7\s17_power_analysis_verdict.json,1674,88d4144e773648f1bf189a781259a867601c5a73f1d8a5414900c4d17713de9b,2026-06-01T11:37:30.018911
reports\SR\az16_mechanism_dataset.csv,75059,7a7b6077b1f106e5c0722a33167150cbed0147b0ff47faa8cf59596eb5e85b9a,2026-06-02T11:46:44.490653
reports\SR\sr2_results.json,2913,71af887f7585c5d590ee29b9485e3bdc7014568305d052344821ae74609b273e,2026-06-02T09:20:33.640954
reports\SR\SR_BSE_REPORT.md,6873,8a9aae7fabc12657636194c29b481baba95ff357e416d7889a257e1e5334e356,2026-06-02T08:35:55.854939
reports\SR\sr_bse_results.json,4211,8086632bbf39dfb8bbc5c1f1eeb61e428a5047a011052fe18a47a46b0ae1dd64,2026-06-02T08:35:07.574262
reports\SR\sr_station_features.csv,2950,d85f7df9d56a2051844d5093664bffdf3dac828585224ed854530c28aaacd2a8,2026-06-02T08:35:05.923515
source_code\_generate_v92_splits.py,2231,664e5c197ff12e1215bca7ed4b4ec9093fdcf19a48298afd619b274a76086060,2026-04-30T15:56:59.631661
source_code\_inspect_h5.py,524,7b119800b0adaaadc2cbad3d62a34b643d5f85a1af81e70c8be5c12427ad0d34,2026-04-30T15:52:07.196759
source_code\best_validation_audit.py,16539,ba3aa9df9e3be9f3af2d6c2da2e744f708243a7a7fc4c60653c70e69d3ea166c,2026-05-30T15:13:16.207071
source_code\build_artifact_package.py,5269,05b5bc7a2e59893331d57b01f756e3f47bd03628fa87df8c42851d4a1db99f64,2026-06-02T14:54:09.695297
source_code\build_prior_v2.py,10705,137517a02bdbc5689c5276f9c745d49d16e99713acf09471e6dd7337353a0bcc,2026-04-29T17:56:28.496092
source_code\build_rfc_v1.py,27929,1685ddb17d7a7ebf53d40b1f1b7bca5d7b179841889ed350a86204063d8094ca,2026-06-02T15:28:11.881752
source_code\calculate_ece.py,3577,1c81988847a485f42317d91bd8fdefdbd9b8ce93d83272f6f09148c59a736489,2026-04-23T11:52:07.614863
source_code\check_az8r.py,990,121a6683c036517be1452167cc25df418ece6e1890f89f7687dd41030ef83bff,2026-06-02T10:16:51.998122
source_code\check_gpu.py,504,fc1ffda0443539f6b6c2183761bdde40265d4d3bb33128d22c56cd82481a38f7,2026-04-13T07:52:14.278667
source_code\checkpoint_audit.py,2557,298c8884a6b9c0159ec6bef9f07035dfc1a1ec4b04f3820428961df53d147eb1,2026-05-30T15:27:19.825940
source_code\dataset_v3.py,4751,24a189e8e3ec8db34484bb2a95981cb2a1683a9dbbe7d349f6c6ccb2c2ce7c81,2026-05-01T07:58:43.354409
source_code\Dmultiscalogramv3v3_blind_test_2026.py,5534,6fca085078fbbde131954f701c0b7f93ae00682c191fd07756ffd183b1a3344a,2026-04-23T12:28:39.511811
source_code\Dmultiscalogramv3v3_calibration_sweep.py,2651,b8246f0e53764697024207d12f1cf39c1d769d710617b2c37c27fd21aa5d3b53,2026-04-23T11:36:47.670904
source_code\env_snapshot.py,719,3876c9c29f73261d6470c2a1ab3fbcdba64c307e9d305893d6502fbb21425012,2026-05-30T09:55:06.593934
source_code\finalize_az17.py,8466,4071dd17ab95b692d2b344ec49b421f034fa4ca75b7908f0256ce829b8f101d8,2026-06-02T14:04:40.314398
source_code\finalize_az8r.py,8973,bb9feb1246fcd0e989fd039d89008b6e8cf21dc2504ff7fce8c553ded656b2d0,2026-06-02T10:18:36.299891
source_code\fix_repro_audit.py,2686,9014fa700b1a1f7ea921df118f98c73ff0b48129bb6400a6602e3d3c01875e46,2026-06-02T14:47:50.623169
source_code\forensic_e4_7.py,12874,a4499f1f9807d8c4b320ae6f84cd1c778e0be13fa132d5e3cdb3a89f01986750,2026-06-01T08:43:24.321555
source_code\forensic_e4_pipeline.py,27770,4fd7443c01781c125783759a1ebf165f20d34ba34aefd6ddca9e564b2f8d8c7c,2026-06-01T08:31:21.234866
source_code\full_blind_test_pipeline.py,13795,3ae04d3a7682b46c6df17c0ec23bdcde1c3f31dfcaec9188f3ff87823b19e8a4,2026-05-30T15:34:42.161689
source_code\full_blind_test_pipeline_v3.py,25995,fd3799357d09bfe43d68bfda3f4cb2d4775ae84ae6a3455ffc1a1b74101eea20,2026-05-31T15:59:34.926418
source_code\generate_master_archive.py,6618,92fb967c9234587e41a7dbfc544fc16c61e6a86b981fb363620ac3d9684f0a4e,2026-05-02T08:21:53.698704
source_code\generate_station_wise_mae.py,16364,cd5e290749ba223ff1c32b679cf91452a6643ddfa4136d4e37c664cca1c9b9ef,2026-05-02T16:21:51.280214
source_code\hdf5_adapter_v8.py,24147,da3c1056c771f2dc46504017f76454e76048ce3006269a6515da0974f0828c25,2026-06-01T08:59:41.982737
source_code\inspect_checkpoints.py,952,6f357257011e93ea1f4c6267ab8398ff69afc51458cc8f2249ba3ef619ef1776,2026-05-31T12:30:39.856710
source_code\inspect_ckpt.py,327,9e0caf8aae6294a81166fecdb36528c744d5928d65407de2f6469371a4f720fe,2026-04-09T13:15:08.416919
source_code\inspect_ckpt_shapes.py,353,73134604466c4b3b39130b36c4a0e238f9a6868a18ada8e15a1701a2db1ddd4c,2026-04-23T14:00:23.407686
source_code\phase1_verify_and_prematch.py,3339,d2af1918ea5273d76bcbac6abcb3f9b2efdb3eb3a7e8d0b2c0671bc6e3ff0e1d,2026-05-30T08:21:45.789709
source_code\phase2_reconciliation.py,4653,3606e5930cffb10e4467b15f1d22c01b0976e7765ed4c70712f8cfcdca00c682,2026-05-30T08:22:45.256779
source_code\phase_a1_audit.py,2356,59eeb67cd96c0051a6c883243d2e068d6ac7f5cc8bba7ddf405fbff28501526c,2026-06-01T08:57:03.601259
source_code\phase_a2_mapping.py,4197,db862bf7cbdde4304bc9cfc1bdf801c2feafb1572cf01865c76adbedfe09e374,2026-06-01T08:57:47.679614
source_code\phase_az0_feasibility_audit.py,21587,e7161f23b12d0bd7c471897125fa940dbe3f364851433c8ebc08a14e89f4788e,2026-06-01T13:06:34.855390
source_code\phase_az14_az15.py,19590,d97efd0abf353a7df04e297d28c3ba98ecf5252a5a10fe72008c49bde6822fed,2026-06-02T10:36:52.159323
source_code\phase_az16_mechanism.py,26275,fe45dcf819e1d6e10f367b1c1de6a09fc3f801a41aae3522cc55f8ed6d49cd73,2026-06-02T11:45:06.929251
source_code\phase_az17_causal_chain.py,27317,806e0d74bd4c4af48072933f5475342023650bf4de46d2778fbdd4a185a6b069,2026-06-02T12:07:48.675591
source_code\phase_az17_psem.py,17495,2fb3c22e925cf5a19116c7977ea6c9b2042f2ab14a1bb5bc10eb8970c7720547,2026-06-02T13:51:46.016305
source_code\phase_az1_az3_core_validation.py,27929,8b6f5ba9a713e794b6d8c7ad2bce5f652c6bd9e3b1d0c378cc1a6f347683ddde,2026-06-01T18:34:37.628270
source_code\phase_az1_az3_fast.py,20306,91828364bf722d5abede59a3b800801c15598a995822ff43ed855088ce9c2e98,2026-06-01T18:47:01.908337
source_code\phase_az4_az5.py,28709,70816dc1e8b8976cfd5465b47c4e583704dd415d01fbe200a4042f391b69d297,2026-06-02T08:04:42.607668
source_code\phase_az6_az12_scientific.py,30683,1b9a5f527324dfd021eb390b9679f7c15bc99be1b5e2e8abfae07dc903e09830,2026-06-02T09:54:00.675764
source_code\phase_az8b_az8c_az13.py,25267,2f85757812007255a90d9ad2e669040b7baad97153a1c479a62b8f73836992ed,2026-06-02T10:25:35.885054
source_code\phase_az8r_real_consensus.py,26152,430a1977709358d5d26200b954f296e057a23b3adcaead57ac2e71c24ec15c70,2026-06-02T10:05:19.254265
source_code\phase_bse2_optimal_ensemble.py,15472,4bfbbfd50e87ba539e942029ab4d36eac2c19d2468cbaf47fd7af083f612b4ec,2026-06-02T09:12:12.528250
source_code\phase_c0a_audit.py,8926,7196f5a2d4037f6d12577337bf335e0a6fe37c8b77382675e5321bc6e81d8c44,2026-06-01T10:27:38.047673
source_code\phase_c0b_audit.py,7783,de81c7f07aa292810b43e1d9d486070ad73695d645b92a5548742a03082823c9,2026-06-01T10:38:53.303610
source_code\phase_c0c_audit.py,9461,b4b32e7934cf5da49b94a049667941cd030cf26f77257b82b77ef6f7a3fb6471,2026-06-01T10:44:51.765369
source_code\phase_consolidation.py,21544,7c854b10872cd3162abe7e4db4355b59ba9fdf53f8da9ce70cd44ef6ee11b7ba,2026-06-02T14:24:44.170434
source_code\phase_o0_threshold_audit.py,13447,6d8b89d1646eec3e6c25d3dea059403214fde6d143c742f1000b6175efba746b,2026-06-01T09:18:53.779229
source_code\phase_o1_o4_evaluation.py,20215,553a81223ab0e6c2de35c939d3156367b4bbd79af4f63b312d8f487bbdd409d7,2026-06-01T09:25:27.038707
source_code\phase_operational_optimization.py,30824,f9847aa6c18d24613d0ee0a02a1eeefebc9ba4ddc5859cb803fffae3bb39f4f9,2026-06-02T09:41:49.001496
source_code\phase_p1_p3_scientific_eval.py,18808,6cd140bfbfb6ffdadcfa5d09cc0e5693a6152aa425df3573d629b6a13b4068a9,2026-06-01T09:32:07.676127
source_code\phase_p2_advanced.py,24394,b65dfb1be06beba0609666e65b376d49b57ca100115cc091d226b7c266522cc6,2026-06-01T09:40:52.204736
source_code\phase_p2_detailed_leadtime.py,14914,898776de210f359874b10909ddf9c0fc24af5c28944683ec9e9358ead01c65a3,2026-06-01T09:35:51.037881
source_code\phase_p3_temporal_validation.py,41883,d2a4cbcac83f9aafdf87be239125e8c90862dc8960666e1997ad2ebb4a8c3b01,2026-06-01T10:14:46.217347
source_code\phase_po_prior_optimization.py,27145,3e6fb5251a94303a3aaea7fbe70baa01dc9452e54332126c6bd6a80d146598e0,2026-06-02T08:43:57.199978
source_code\phase_r0_replication_freeze.py,30454,e518023de322218bd681a367aa1284b766e0eb5f0520160bfee561362313e55e,2026-06-01T12:33:22.913154
source_code\phase_r1_independent_validation.py,23317,0e2d87a2496ea835a63a0e3b9a4bf7b09e2da42ffbfadbc9c7e4c0bb86265215,2026-06-01T12:41:25.537667
source_code\phase_s17_power_analysis.py,11989,95758ced1f91e0cffb413fde9db45b093b296b8294056847b0bc4fe44047898a,2026-06-01T11:31:37.764662
source_code\phase_s17_power_analysis_v2.py,11771,e1644377fd97252469156e9b3267587fa1de90489d46025a02a4c4d551f074ba,2026-06-01T11:36:47.906215
source_code\phase_s1_station_heterogeneity.py,27290,dd2d52efc1ad849382d27e90a28ae48d50597d1e32d90917e1bfae318f76c1b5,2026-06-01T10:56:02.802912
source_code\phase_s1_station_heterogeneity_fast.py,14245,f92774f4e6807333ef4dc222f5009cc436a7a8587f8c91fed12048b25c6da058,2026-06-01T11:11:32.227479
source_code\phase_sr2_prior_engineering.py,17767,3f73acfdd61d11a62c9503ddaaa73d9ae4547a83bb01577701e688f92b45c78e,2026-06-02T09:19:38.761609
source_code\phase_sr_bse.py,22022,39e0e7875097136c131c1b769bb535b4073eaf0dfee03c1d72faefc6432da3ab,2026-06-02T08:32:07.093215
source_code\post_recovery_evaluation.py,9266,ff013768fda37037d0d74ffbfcb8078786c3a5760584fde71b0cfed66e56c759,2026-05-27T12:22:07.092266
source_code\post_recovery_full_evaluation.py,8187,13b12af5d68df5a894a2edfb1baaffcad7d7e64d00ce1020dee75427e26f54ba,2026-05-27T13:07:22.548181
source_code\readiness_audit.py,2550,5f53cd68415e0c32100bf4d57ff19afde729b79ea732d424a8c033aaf4d7c301,2026-05-30T09:58:23.465009
source_code\research_summary_visualization.py,7022,4a7031de95f560a8210e3b1d8ae78043ac3e9632ebfa41b131393225e2620403,2026-06-01T11:44:25.216266
source_code\run_architecture_recovery.py,8579,5548f4e8047f4502b20bab45a3ef3b6eaab4859b365dea70ab7b1a501d2c7262,2026-05-30T15:21:22.792263
source_code\run_audit_final.py,25473,80f55ede19dbbb4464f6de0de2552e4cd2dd896748abcd99368df44da64ecdf9,2026-05-30T15:15:59.598610
source_code\run_az3_only.py,2992,53b78e638a0edfdef3e2b3d51b7d51f33394abf91a10eddf67e27dad9d177191,2026-06-02T07:48:10.894615
source_code\run_az5_only.py,12826,042a23a7909cd6d283baea816038a618b861158e79d4696882da4e005ad1a651,2026-06-02T08:26:42.186530
source_code\s1_audit_visualization.py,8567,e004156db85ce24a30b6d4c4ae8a6178848491396f65491dc9363d2c2333172b,2026-06-01T11:22:23.892801
source_code\save_final_report.py,3226,18bdc60fa71fb70bba735e4241311b2369fdc46e9f142e42b1a60b23e0ba88e4,2026-06-02T09:43:50.177530
source_code\temp_check_all_stations.py,1386,f62ecdf8ddbaa251b6e1b19d5bb8438e47ae1895caf13f61e9695c01b3aa94d3,2026-04-29T17:54:29.472501
source_code\temp_check_meta.py,614,0dfa5ba4e71723246ac879d44184a0b2d1b5dc309ac20e5cf043b8c58c1814a5,2026-04-29T17:54:03.338261
source_code\temp_check_stations_clean.py,1572,d323eff92590af42fb4f3ca0b7ad1d91a4d04c51f42a3ce669d6bdf1c5162e52,2026-04-29T17:54:54.846217
source_code\tmp_audit.py,1241,0bbde4724beae18db3e38098ad9e825bab06932cecaf1fbe4e7846a82a80d0fa,2026-05-31T12:18:18.499425
source_code\tmp_audit_full.py,5199,c3ac35277fc5e73f962492e2a2792186d73ae5ad3ee94a8685b96576178460ad,2026-05-31T12:22:40.770795
source_code\tmp_audit_inspect.py,880,0f33624e7841bd6ea7767fceb7c2ca3c851bbc0acdd671c4dccb5587cee016fd,2026-05-31T12:22:08.145259
source_code\v2_vs_v3_bitung_test.py,11656,35032ec673d3375118e8a82b7601882eaa7a68192775cc2add1c11ece2e38950,2026-04-12T10:19:52.233052
source_code\v3_appendix_gradcam.py,2314,1212a68a75edf93690c75830712e4bf99787f6607cdaad433a6dad7bc5ae0eff,2026-04-20T08:04:19.525657
source_code\v3_appendix_masking.py,2180,b52fa41e812e524808a278af5a18118331a7b7cba8bb68e53a611e3755621452,2026-04-20T08:03:02.985687
source_code\v3_appendix_psd.py,2306,3a3ed721cba9735bd1369ea570a3e60441931d4ac47ebc81e34c681446d78e3f,2026-04-20T08:02:53.307459
source_code\v3_appendix_solar_proof.py,2469,1d9e9e54de3c07ef5f1f79332443e67b3abd64832f4f8019b8c7197a6ae365db,2026-04-20T08:03:11.975876
source_code\v3_bitung_visualizer.py,13545,3a84d0aaaa7c0bfd8dc267f1807cf322b57c1ad804efc86090e933e3ed2545ac,2026-04-12T10:10:20.311168
source_code\v3_blind_test_2026.py,10872,c37b4392ab2c2bfd318a24cd3e7d015835d53595aded4cb2b3904dd18c123eea,2026-04-28T09:36:46.019321
source_code\v3_calibrate_threshold.py,2694,3b0556671b44eaa1363da8ba672dfbaf747ce0cdb19fbc1887e6dbaf5f9b574c,2026-04-12T09:34:50.310852
source_code\v3_calibration_sweep.py,2657,a74708f3880009f43d401f7f1f97d71418bd126bd7649b6a484b03aa81711ca9,2026-04-23T11:52:51.950981
source_code\v3_check_compiler_matching.py,1597,3d64bdb696371e28892625f71ff215fcf0493a5426240c2b5100932414614b7d,2026-04-12T16:04:46.901350
source_code\v3_check_holy_grail.py,1481,544f1ac6597a79c81468d61534c7005c81a8797c19e011baeee88b730532ccbe,2026-04-11T18:49:41.498694
source_code\v3_chk_sneak_peek.py,2049,b01df897338d6201dc50273951d63a7ba6fa347823ee35d6d42f36b458b2a02b,2026-04-12T16:02:43.012000
source_code\V3_Compile_HDF5.py,6143,881b3dc04560aa9e233318e17b3385f8dbe7e85e456637476a6b8eae92318cfc,2026-04-11T19:17:29.090152
source_code\V3_Compile_HDF5_Final.py,9535,0b16a6fbe40d1d96859a0799b9cd01d8eed1d14ee5c5a3ebdf849be893eca0d3,2026-04-14T08:05:31.491824
source_code\V3_Cosmic_Processor.py,2615,a4f0ef1271be3943dc43d752e97608f4c4194bae5dbd1d414f3dad5fc9a8b089,2026-04-08T10:16:44.531460
source_code\V3_Debug_Compute.py,2104,108875bb48a780cc4421dc3c094187576b68efb0c93f58db36c648a94530010f,2026-04-08T11:17:31.019289
source_code\V3_Debug_Data.py,876,8452e5821b814aeb928477ef851019a35954213128c8420c33b8142dcfe7187e,2026-04-08T11:17:13.911735
source_code\v3_debug_dst_lookup.py,1197,ca8618517eb683e8c4a817e88e50a1f6444494f5499ef609a55ae111180ba0ac,2026-04-11T08:43:01.951847
source_code\v3_diagnose_imbalance.py,838,53cd984354c7fdd6de2a3399ead7697da3471225903b9ef35c063ed735cddf05,2026-04-08T16:54:22.457497
source_code\V3_Enhance_Physics.py,5023,7d55154bea567c855e1d9ed9c4aff3c331930f2e71ed925f544cba7e35f80869,2026-04-08T16:48:43.925851
source_code\V3_Evaluate.py,3477,5ab71350cf04b81aedb0ed062424d258582f39bc032cae1cc35ff9e1f89050d0,2026-04-08T11:35:01.436055
source_code\v3_evidence_gaps.py,3226,166a03db7da071fea8e9463f90884dd90e1938194d5bc3aabb7759b31b3a9274,2026-04-20T07:55:24.524061
source_code\v3_evidence_spectrum.py,2711,6b365d07d65c52bb57a2212ccbc80061612e2d9ea74bdf0f8877364c046566cf,2026-04-20T07:55:04.276706
source_code\v3_evidence_training.py,2076,be6689218c8d5c2f49a43fe231835e69a2360d146fa7edcca1a99336a25f699a,2026-04-20T07:55:42.479020
source_code\v3_extract_bitung_table.py,2326,146e237526fb4cf8738e717ac403466f9d81960185024e63a9f94fdddc3eb202,2026-04-13T07:10:32.451636
source_code\v3_final_visualizer.py,12754,2d9521a0e7c817ae3edb3fc904360e67e0a8f45b33866ade2286fbb5d378cd3b,2026-04-14T07:33:58.955523
source_code\v3_forensic_hallucination.py,1703,6a2930373a23dd7ec1b9ec8c68c6acf69a2bd98952c194808480aa278dea94e1,2026-04-08T13:35:40.509564
source_code\v3_generate_binary_cm.py,2452,652964210a4886f2a35ce8dd9a6a4540c67ec3df4b4a947b69d1a282beb27517,2026-04-14T07:56:33.966022
source_code\v3_generate_cm_csv.py,2596,06da339e15fbc1b381b7b5a76e4936b22629f855c6c96ecf79635ea3cd88cb18,2026-04-14T07:42:19.123183
source_code\V3_HDF5_DataLoader.py,6223,3b486941ab0d6dc2af24ea0310e68185528cee173d66715714bfb1c7247941ba,2026-05-26T17:07:15.426882
source_code\v3_identify_storms.py,888,5dd1e02b16bd9dbefa3e32b0ccd2a163b535c8d40a11d7137e7a1177dbd069e7,2026-04-08T16:45:37.198761
source_code\v3_investigate_balance.py,1311,b4b7e4ab5584b5a3e8d0c9b2fdefaee06857ece06843dd4afb26d2c432fc348e,2026-04-11T07:07:34.356354
source_code\V3_Kp_Fetcher.py,2709,e4348d25ec5a4cfa0a90dc91c20c94285aa38c623a9cd20038f1ecad3d92e0d1,2026-04-08T10:12:15.776684
source_code\v3_log_parser.py,1787,cdcc6da2b9f55b3fb94d2dc00dc8f1fcca9ce8748a55fbdcbfd1b5d207bd032d,2026-04-13T07:48:43.100259
source_code\v3_match_tensors.py,1384,675fbc3009b2caf5cf70d159b82b0892aa365674b4e11e122d42b09596992618,2026-04-08T16:46:04.593430
source_code\V3_Minimal_Train.py,1239,e9a3441d812458a34b5f43db1b222576776944132fd500a6293baa74bca08556,2026-04-08T11:22:18.155214
source_code\V3_Model.py,12221,4e7a1e1e012eb32090205de4aa298b91ad86cfa64e3d9932b4565f9ec23e6477,2026-05-26T19:51:43.860156
source_code\V3_Model_v8.py,20955,edea02ea7a93921cc356d7b28da7d2382be9064f4e4848b8b919894abc8769a3,2026-05-31T14:32:43.568302
source_code\v3_molchan_generator.py,3329,2d6b5c0a90e97e3cc3e4780652325ae30c98c5217c64738b9c7deae68be4213e,2026-04-20T07:26:01.924519
source_code\v3_patch_azimuth.py,5557,127f0868e38bdab2af572f83b55439b59333dd0d76749d6e6553e3aa5cb8bb17,2026-04-12T10:57:49.896815
source_code\v3_patch_azimuth_v2.py,4839,551f03595ae463a9177c6d182491357121ab5dd2a8be0968496c51a47a809807,2026-04-12T11:09:56.286610
source_code\v3_precision_audit.py,2770,71b0cf9ecaa143d5c07efb0e2194217fc0158f18c3930a1083d500497ca9a1c2,2026-04-09T07:05:27.670381
source_code\v3_spectrum_audit.py,3735,1106c2ea9f5fec216d33934e0b1d7ddb3678e50756d011651d9813b63ea385ab,2026-04-20T07:49:01.770151
source_code\v3_surgical_check.py,992,987fc82ba6caeacf38598439351db70ce6255ba11272cdd2b03beb7ebad68581,2026-04-11T08:52:16.264147
source_code\V3_Train.py,13351,72a075f2edc7eb3c2bef3b8d7d53518ebc68ef246f9a1e48044405424afaecaf,2026-05-26T20:42:07.825313
source_code\V3_Train_Final.py,11892,4050cc1f63be5457749b02a35c062615b133569ebec64f79bb4e498a536eaa1b,2026-04-15T08:03:08.366157
source_code\v3_visualize_equalizer.py,3110,40b8312b601451b30edcc0de7c4a216b092821141ffefddcacd813d0af2c3459,2026-04-11T19:13:32.454968
source_code\v3_xai_factory.py,4931,84b5f0c9ef76e916c20068bd8c4e3e1c22be67bbf02369ce683b841223718f8d,2026-04-20T07:22:01.386345
source_code\v4_appendix_discrimination.py,3205,5a2b8027ef5afe20f1063327f7d6faf25aafc918c89fab9934275a16f45a4576,2026-04-20T08:11:02.385561
source_code\v4_distance_decay_audit.py,3506,a425d53006b237e71746efc69585c872aec553db234d4bc51c20f6509a97f9e9,2026-04-20T08:08:48.076672
source_code\v4_lead_time_audit.py,1739,1cfb5d5d8fbcf646c322a38ef155654930bc7619071dd9231378d74fcdd1d414,2026-04-20T08:08:37.113571
source_code\v4_master_performance_report.py,12743,adff00768c8fd82f032e2be10542b500f0049df08750c6ca74b8867556f5246d,2026-04-20T08:19:25.003121
source_code\v4_ops_simulation.py,2833,888715d827186327e10a0dd78305d7e84a45e5f08fac86350963ddfbe82ea68e,2026-04-21T08:23:04.710956
source_code\V9_5_Bayesian_Model.py,7320,30a71e9a1de62fc462ce785a2fbfe8eb9f4dfd18deb2bd0cbff76c54622e54e9,2026-05-01T10:37:23.842194
source_code\verify_compatibility_final.py,9757,a433d7bb003f5d5ee6c39c72cf7904fe000758aba5ac7d331ae75c91783c9518,2026-05-30T15:19:52.966629
source_code\verify_data_integrity.py,1792,f82ba5f1fa63fed1d6d13527f6e2178997f957b8e20637724d01147132edfcce,2026-04-23T10:59:51.639246
source_code\verify_inference_path.py,6492,6e95275c167db1e2d8370b8c0546d4ae413d1f97bdd8cb05e412fe04103d25e7,2026-05-30T15:23:06.232265
source_code\visualize_blind_test.py,1853,022ee06022a87a7f1889c1ba4919aefc1468e6f63dbeb9495f28c551fa3d0b71,2026-04-23T15:32:26.020818
tables\all_csv_outputs\az10_station_reliability_model.csv,5492,54cfa4a17bd5380c56ef9304084d8863649fc7323b927b2ff23df5b24302f297,2026-06-02T09:56:42.317562
tables\all_csv_outputs\az13_mechanism_study.csv,336,cc8845f8e32bc665cbe64b1ec1626c5331a55835f7c6061b258a126319e0c906,2026-06-02T10:27:36.988683
tables\all_csv_outputs\az14_event_features.csv,5322,c335a481a8bb974a16845664b6705229b092c8e0b2f0c71a2602e792112a17b5,2026-06-02T10:40:47.758845
tables\all_csv_outputs\az15_depth_stratified.csv,326,0c9bd33cd3049b59b9a9f85a817ee91ad779dd7b98e2b61485da7b906ab55899,2026-06-02T10:40:47.792615
tables\all_csv_outputs\az16_correlations.csv,704,a9e2e02c576f4e3a1c8d924ad6335e4745aece76853b90a4e1ba03a321d07b0f,2026-06-02T11:46:44.525485
tables\all_csv_outputs\az16_depth_comparison.csv,292,5cb664b59d8e5362f9f87935d059d95ada851ed2f7eb5d0b0047729377af4df3,2026-06-02T11:46:58.774029
tables\all_csv_outputs\az16_mechanism_dataset.csv,75059,7a7b6077b1f106e5c0722a33167150cbed0147b0ff47faa8cf59596eb5e85b9a,2026-06-02T11:46:44.490653
tables\all_csv_outputs\az16_mixed_effects.csv,266,6156649f71fa295dc9958e55a9bf51c3bcb5ecadcad269fefbcf9bfde68ba785,2026-06-02T11:46:44.678196
tables\all_csv_outputs\az16_rf_importance.csv,361,1443fe0c72804569dec5b384cd2e09ac9b0004eaefdaeba10cef6573fdb3145f,2026-06-02T11:46:58.740626
tables\all_csv_outputs\az16_shap_summary.csv,173,4da2bfed9222e5ab22d6bdb28e59cf99791b72b1d324c9f1b67190352cb5ec30,2026-06-02T11:46:58.740626
tables\all_csv_outputs\az17_mediation_results.csv,200,ecb509ca173b140f36b1ef88b9130bbcea531a32e1fa42a2e91e06051fe4d2cf,2026-06-02T14:04:11.679323
tables\all_csv_outputs\az17_sem_paths.csv,3335,e392d80cb923b55e663489eef68ec83f215210f8f9c83913e488865e44d2202b,2026-06-02T14:04:11.676485
tables\all_csv_outputs\az17_shallow_vs_deep.csv,366,637d9b6524502c35e79a11d2512dce2031f8d211f9d6f0c7f9d09bc6fc2ae6b1,2026-06-02T14:04:11.681308
tables\all_csv_outputs\az5_spatial_consistency.csv,51203,9f5ecbc5aecfcd6a778543017c7ec37595e224a159c416e9521ee39280558046,2026-06-02T08:26:54.288801
tables\all_csv_outputs\az7_leadtime_aggregated.csv,1166,85dc03fabc97e0bc1b14d984c1246a841cb93e5729c2fe650d52e510f18a4467,2026-06-02T09:56:33.379985
tables\all_csv_outputs\az8_consensus_aggregated.csv,1049,3b422dbc68579741185e571f4c629bda5162d93b5a64c6135961401184790388,2026-06-02T09:56:33.430300
tables\all_csv_outputs\az8r_aggregated.csv,1385,eb976147b5907c35663fcce8dd780b3c6405eac39acd1a93ddd960152035cb06,2026-06-02T10:19:23.434440
tables\all_csv_outputs\az8rb_binomial_test.csv,195,817fe86ef86d49ca98f9aba2969ce3d9458d4062bde5d77ef0f0f8750ebd48cb,2026-06-02T10:27:35.138455
tables\all_csv_outputs\az8rc_hierarchical_bootstrap.csv,207950,b3c58f397c6b5b96650ddd2649a99789414630031b72e214c6c2f8b4c8ed1e63,2026-06-02T10:27:35.401090
tables\all_csv_outputs\az8rc_results.csv,235,70a34d0fabaff175b5a2d56e8c58a2898d10bcac54aea2f51586e434739344ac,2026-06-02T10:27:35.402111
tables\all_csv_outputs\azimuth_by_magnitude.csv,349,7e4b4f729945946fcecee64ac5bb9897bbec8b62b72e2ec5a204874686ee39a4,2026-06-02T09:56:33.281179
tables\all_csv_outputs\azimuth_circular_error.csv,29804,8ef6c932a383510a4b37b051a8ca87ebacd784000e074bf54e927c0b2db2caf1,2026-06-02T07:14:38.700715
tables\all_csv_outputs\bootstrap_confidence_report.csv,441,95000397dc86c4911653d9d33dbf7530a4785a10868962c2fc5363abcc437d31,2026-06-01T09:52:56.482283
tables\all_csv_outputs\bootstrap_temporal_stability.csv,848,d3064fced7bf725d459d87afacfad8db66f81fe6a3e3a214ae8b819a218d1f49,2026-06-01T10:18:35.750627
tables\all_csv_outputs\consensus_bootstrap.csv,110805,dacee7b3da25daaf16b9f0c403344ef83df0419aacb3b4b14ac2cbdc4bbc2014,2026-06-02T10:19:23.434440
tables\all_csv_outputs\consensus_dynamics.csv,48610,fe5b7752a11b1bd9716e1f02498e487c68054cf1dfadda0249bba59049424dce,2026-06-02T09:56:33.430300
tables\all_csv_outputs\consensus_permutation.csv,110651,4c1be2c909bd730901910a9be9eca1e99dffa54798979ab360c9e427a06f6953,2026-06-02T10:19:23.455698
tables\all_csv_outputs\consensus_temporal_validation.csv,96593,b1013bce4ce23e072b1bf5bfe5653b18d7c0949c59904a5885f3a467b0314dcc,2026-06-02T10:17:06.729095
tables\all_csv_outputs\early_warning_horizon_report.csv,1110,c8d5a741c21a63d6222fff07793e727cb9e2bb295f9e01ab4b1c97aeb14e1904,2026-06-01T10:18:36.280563
tables\all_csv_outputs\ensemble_optimization.csv,8413,b083447c109ae347385fb22f6d3dc147f528d4ac710a9d0acb2fa47562c35d1f,2026-06-02T09:39:39.061869
tables\all_csv_outputs\event_centered_probability_table.csv,5826,1c19720a0da449c2e62024e35d56ec94bce83683f2e174d6c09e3fe14067afc4,2026-06-01T09:52:10.221332
tables\all_csv_outputs\event_centered_temporal_curve.csv,13957,5fe930aa57335cc16af9bcc1c0989af3c9589d44d177a05c89802b0a7004ff14,2026-06-01T10:15:42.125267
tables\all_csv_outputs\fusion_audit.csv,2279887,e213160b6fc698c607f20880d7f6baf8bb3f4b2c1ec01ee569d6ec37189d2269,2026-05-31T16:05:03.249546
tables\all_csv_outputs\geographic_factor_model.csv,7990,e36d0d22cd575ee5551a5dccae8e36746fdbe771497af143709e1602c1d568d3,2026-06-02T09:39:33.695640
tables\all_csv_outputs\input_audit.csv,1364194,13048be7e8a36b019353b1c5bf7153df290f3e2ce7de6f7aa13768ed05906ba4,2026-05-31T16:05:03.139125
tables\all_csv_outputs\leadtime_directional_curve.csv,55606,baf3a372d7d72462628033c259d865f7e2c8ac1723d87200eef5fb07b9711b28,2026-06-02T09:56:33.378021
tables\all_csv_outputs\logit_audit.csv,1705409,739abcd71654c14cea38a32333ea488da7a8f17df32c15608ee1017857fe4d05,2026-05-31T16:05:03.249546
tables\all_csv_outputs\MASTER_EVIDENCE_TABLE.csv,3898,5e0503d068c7d0c2cb1a51f974f13543fadd0526a63bcb0a289b37c951e8dc6a,2026-06-02T14:26:08.516016
tables\all_csv_outputs\model_manifest.csv,490,bda518769d1b23a05746dffe963f796d27e2e5e8f925a9d97dd4bca103a83071,2026-06-01T12:33:53.010507
tables\all_csv_outputs\o4_checkpoint_ranking.csv,317,349a544eaf024a69067c111340faad14580cff1e737365d213ddfcb44b3bb565,2026-06-01T09:25:39.878291
tables\all_csv_outputs\optimal_station_ensemble.csv,4312,ac479762fe4412089c86ddeacec6af4c08124dee9b6be9d147d4137f593a822f,2026-06-02T09:12:47.720852
tables\all_csv_outputs\pipeline_manifest.csv,1876,c00091511b9f5238665d4c0149303af7115aa55f3e27a1225e69e3194bdb3e8d,2026-06-01T12:46:14.511148
tables\all_csv_outputs\po3_adaptive_prior_comparison.csv,391,bced6f63f4dd74ecd3850a564b2e382dc267a682eb89e4d2df792792ff71928d,2026-06-02T08:46:10.436094
tables\all_csv_outputs\po4_prior_rehabilitation.csv,524,b482da5935fef3f6e966f8339962147fe7f302846b9e0f9009e80eaa2d0e30d2,2026-06-02T08:46:10.925369
tables\all_csv_outputs\polarity_audit.csv,2945,a7f87b89a96d933b2b88dab54472c47d61d1ceec2a584e956e212af680540ac8,2026-06-01T14:28:07.242718
tables\all_csv_outputs\prior_ablation_report.csv,67107,a5b54b86782a5ec2bf15b6451452166a4aa54484853ff9ba171e184c49046093,2026-06-02T07:21:49.144338
tables\all_csv_outputs\prior_alignment_theory.csv,195,8a752296bdcc26d783d7e24761c9e59979bc3bd7060ea17b9f2bcaa12b273279,2026-06-02T09:39:36.614569
tables\all_csv_outputs\prior_bandwidth_sensitivity.csv,600,b5a38e7a63b653a247cedab5ff7be4a2286d3309224b51a2e13419caad8f0540,2026-06-02T08:46:04.263077
tables\all_csv_outputs\prior_bandwidth_sweep.csv,363,53eb03eb9218ee2b28d91ee16129d3667d6877ea2666bcc8d09ce766b124b19d,2026-06-02T09:39:30.451838
tables\all_csv_outputs\prior_quality_correlation.csv,2288,dc35e6ea09dbb186e5948b61ca68d25d35852b087baac2b7fa1d5dbb62720fc2,2026-06-02T08:46:04.302648
tables\all_csv_outputs\prior_sharpness_analysis.csv,1235,2921ae96f1a35c11ff36793e79b936c61e93f9c3d94b0b982b4e200cdbc0e06a,2026-06-02T09:39:32.737175
tables\all_csv_outputs\reproducibility_audit.csv,514,44e8980c7d178d792ba09f469ac1706f12524de7bac5ce0ab6e98365bae47035,2026-06-02T14:48:15.697585
tables\all_csv_outputs\robustness_validation.csv,218,16c5409b212ca8e84ba48d9b9fa5bcc33bcf4fdb2df3cb09df99ea519842155d,2026-06-02T09:41:36.317340
tables\all_csv_outputs\s17_power_analysis.csv,2549,bfbec8ab48b2f1c38f6230a40c5924399889776b05f2ad81ebcf8e96caaaa4fc,2026-06-01T11:32:02.979590
tables\all_csv_outputs\s17_power_analysis_v2.csv,2358,71898e28b258d5820046e82b009b9f88374144b0edb5e8d05151ad894ca80611,2026-06-01T11:37:28.090532
tables\all_csv_outputs\scalogram_audit.csv,1030391,d1f2b319e435ddbc434ebe8db31f5c116140a265fd4f6b10c242675cff66617f,2026-05-31T16:05:03.136124
tables\all_csv_outputs\sr2_comprehensive_features.csv,7973,0e12b1e56a7e67333c996ea78259cb5952662fde3a9dab3745a95bcf3143c3ba,2026-06-02T09:20:32.163603
tables\all_csv_outputs\sr2e_correlations.csv,1008,6f35c56b0f5253ea81b1495412a8bfb674fc40e1d32c381b0ae6ca3ecba5ce6f,2026-06-02T09:39:33.696815
tables\all_csv_outputs\sr_station_features.csv,2950,d85f7df9d56a2051844d5093664bffdf3dac828585224ed854530c28aaacd2a8,2026-06-02T08:35:05.923515
tables\all_csv_outputs\station_contribution_report.csv,388,303732a427f80d1474766d6bdc2d5fd53505297d963a82628a54f8a131ecd32e,2026-06-01T10:18:36.285159
tables\all_csv_outputs\station_coordinate_table.csv,553,30a8903ef78e2d6108c305d2015563f88f8d8ff3ccde4d3b98255e32f51a24a5,2026-06-01T13:06:56.614835
tables\all_csv_outputs\station_leadtime_report.csv,1228,9b24600ec86057c4037a39f41d26b1819dd17ec107e8f6f3b0b275129ea0486b,2026-06-01T09:57:09.223241
tables\all_csv_outputs\station_loo_report.csv,2863,81627e3b51eb20d4f2f3ccd79d6ec5aed53b3b64fe59d4f75810989bdad98858,2026-06-01T11:52:59.658822
tables\all_csv_outputs\station_ranking.csv,1215,236f431cc3ef4342790a2bd4c1995e90ea50735f5396654067ab79d349303d64,2026-06-01T09:57:09.226465
tables\all_csv_outputs\station_ranking_full.csv,3612,d4339f86af698788747191d4a69c3c2ff93503a8d14824114d51556f19cb36c1,2026-06-01T12:48:17.591805
tables\all_csv_outputs\station_stability_report.csv,3155,cc4f3eb4ec0487324541c30edfc64f7f04153a3378609370e0daab594bf615d7,2026-06-01T13:40:39.790787
tables\all_csv_outputs\stationid_ablation_report.csv,68252,c37d7b3bfb2c38e7da4395a48f4097615abd6d06344376411e2c73a7b5ae4ac1,2026-06-02T07:55:27.093124
tables\all_csv_outputs\threshold_sensitivity_report.csv,2004,87dd985d04737e8891693b4e4fc42d792c12d3d6f0b074a134666e33bcd483c5,2026-06-01T09:19:12.721128
tables\all_csv_outputs\trend_significance_report.csv,608,66e3283de363a39811d25dff51d6d1a3c642a3362f9061fc792b1a94d61501d5,2026-06-01T10:15:42.139300
tables\all_csv_outputs\triangulation_feasibility.csv,78269,abd51e12dc58830395aab23a023f22507f0276994778b850154643aef993e32b,2026-06-02T09:56:42.413899
tables\all_csv_outputs\worst_station_rehabilitation.csv,1105,4d589890bc071224ed92670ec711de718e7d1598e3d3daee2345a55e4877421e,2026-06-02T09:39:33.549581
tables\all_json_outputs\a4_sample_audit.json,5867,7fd3f9b9b79ec9d285c4ef11c5d110370378ce4eaa9a135803892753befe037e,2026-06-01T09:01:15.302664
tables\all_json_outputs\a5_full_inference_summary.json,1509,8913dcfb96b8260b983f9f3bdc0be60436822ed684c7ff305f2d13723ff9f9dd,2026-06-01T09:14:29.213232
tables\all_json_outputs\az14_az15_results.json,2623,3ce343db38a7a5fcc490518ee7c91a2897d1b7613c32eccd44eb41b624305009,2026-06-02T10:40:49.393795
tables\all_json_outputs\az16_results.json,379,dbeeb184cbe09d686db0ef4d757bed113ac0a354716c8e66e324e36595cc0f5a,2026-06-02T11:47:00.039554
tables\all_json_outputs\az17_psem_results.json,2037,2937d46c6ab54b69f737171497f3c80aa6b01d9ae3a062c269715a3ef3f67673,2026-06-02T14:04:51.587892
tables\all_json_outputs\az17_results.json,2003,1270982c6a5daeef40e06b9f5565823697855631ac2a53a57b567d979acceaaa,2026-06-02T13:50:06.638880
tables\all_json_outputs\az1_az3_final_verdict.json,576,95bc7e45487562b401f9e27dfd737e95a9aca3043cb005f6859de0aa6ab4576f,2026-06-02T07:55:27.093124
tables\all_json_outputs\az1_results.json,428,2725539ca70b707668732bb0d1c3909ac62e5da7d78dd4d894d2e4aae1944eee,2026-06-02T07:14:38.700715
tables\all_json_outputs\az2_results.json,573,74cbfacd36f4188c74c10f2b18b3dcf953db1b78a784010378daffba642709ab,2026-06-02T07:21:49.145810
tables\all_json_outputs\az3_results.json,3349,1e138bf10d0c6ea21859740ef9ee9cc2c99c4c6c76568fda2374809330ccf296,2026-06-02T07:55:27.093124
tables\all_json_outputs\az4_results.json,869,79f5e87bacf2c17b0872dea80bac111e658a256dec27428a325b3e8fcfe57eda,2026-06-02T08:08:39.381795
tables\all_json_outputs\az5_results.json,953,5a10185bb822f807ec0b628aff8049fe239165288fcfce32f166153e21cb296c,2026-06-02T08:26:55.328419
tables\all_json_outputs\az6_az12_results.json,636,38478033e133817f82cba6a1efe3df7e366d6dd677355779b19bb3f4ebce6efd,2026-06-02T09:56:43.510876
tables\all_json_outputs\az8_validation_complete.json,1218,58bb5abf5b1a4a91156126c9abd3f9057e0c62b1c2b2ac8cdd468874e7dd19bd,2026-06-02T10:27:38.281672
tables\all_json_outputs\az8r_results.json,801,ebb977d5dfc353f22da3056056875ef52c332e6366032dddb781d100ac691b87,2026-06-02T10:19:24.283507
tables\all_json_outputs\azimuth_feasibility_report.json,417,3a3be800c1da7152fe07fead5256740392e27d006cf2f8be19ffeb20c1184b18,2026-06-01T13:06:56.651118
tables\all_json_outputs\bse2_results.json,611,217467f1160423c6a86908bcdc0470ce8a7dbc882d41b14d267cedb0bfe9e2d7,2026-06-02T09:12:49.016516
tables\all_json_outputs\checkpoint_difference_report.json,350,f3000e20d04fe15e4d8557c027cc242de8f4aed5b1403878e172695cb01723e3,2026-06-01T08:37:50.995011
tables\all_json_outputs\class_distribution_report.json,278,07553211ef72d6b35aa6c54f6c1a282fd16571c7df698253a7593ef5463d2ec3,2026-06-01T08:37:50.972009
tables\all_json_outputs\constant_output_report.json,173,59bd30ec5b8e6d8667748b7f5ffbcf0ef75460974736aec5ed24e2c128293474,2026-05-31T16:04:27.365773
tables\all_json_outputs\detection_head_audit.json,235,47c2d83b6589e486469eb7b1a2c303d06f0001990be996e1bfa3fd23d0eb32f1,2026-05-31T16:04:27.368771
tables\all_json_outputs\FINAL_INVESTIGATION_CLOSURE.json,1190,1da1a3a75d7d28fc956982903fdde440705f93c2bf8dbde3cb3d453d11d3ac39,2026-06-01T09:32:23.264248
tables\all_json_outputs\final_operational_readiness.json,298,918bdf995ef9158b5870c81d87b96d65777b290add5117cdbd0bd044778f4570,2026-06-01T08:37:50.996011
tables\all_json_outputs\FINAL_OPERATIONAL_READINESS_REPORT.json,662,bd01ce704243f9e850e490ecab9bc23cc0bab48fc7f5bba7a6ec2a67c8337cbb,2026-06-02T09:46:12.640443
tables\all_json_outputs\hdf5_mapping_report.json,2671,3abeee6025e5a81ef03e336e3a0277e6097a9ed71704183a63edb7da0dac2c4f,2026-06-01T08:58:12.467247
tables\all_json_outputs\hdf5_structure_audit.json,23734,bd0ce4a5ea58fe480cd5414bddc886ecb81a62b4af596b445358e18654c2a201,2026-06-01T08:57:24.036397
tables\all_json_outputs\MASTER_PROJECT_STATUS_V2.json,620,892ff040bcdabbf1303f932391622675cd538a9d8b8e0647f4b66a05b3efb178,2026-06-02T10:40:49.406764
tables\all_json_outputs\MASTER_RESEARCH_STATUS.json,1298,03f3fe6fc45239d558e6385b493d0d86951a0581bf5055cba82ea3fe03d0de37,2026-06-01T12:34:51.068722
tables\all_json_outputs\MASTER_STATUS_FINAL_V3.json,1530,2367e5a80795b8bd390533c8f72ae2883d793c3a6cd26f342089294ea1cca92e,2026-06-02T14:48:15.697585
tables\all_json_outputs\o0_readiness_decision.json,1226,38fcb57e7e36f073578c9a7548f127bcca192dfd65896d229385a0b5f15be37b,2026-06-01T09:19:12.724457
tables\all_json_outputs\o1_o4_results.json,2586,0eb56904a73496a779fd7ddcb2547cebc61d4c63857194e9f88a735003410434,2026-06-01T09:25:39.868930
tables\all_json_outputs\p1_p3_results.json,3263,f8fd81545031f027833fa1858b83c9af8b36b80ee726bf6f1b9e3b7dccbbf6c9,2026-06-01T09:32:23.264248
tables\all_json_outputs\p2_advanced_results.json,2426,6dd819d5013aa97ff03dbbf617ae01a6b6334c9fc2a8705f037c8463cecf080a,2026-06-01T09:57:09.564077
tables\all_json_outputs\p2_detailed_leadtime.json,1042,81236e7436a681b1da3556c0425a09ed7bcdec3a7d653ac03c606430d7653968,2026-06-01T09:36:07.207646
tables\all_json_outputs\pipeline_completion_report.json,226,45676c0af412d92bdb47ef5f346c3e7d2de60a234328c046c20464cccbca5618,2026-06-01T08:32:14.252887
tables\all_json_outputs\po_results.json,390,e1aa5cd56850e9ac2faf23dbcf08c7891ca2fefe6d812e0655b27f377a5dc251,2026-06-02T08:46:12.325292
tables\all_json_outputs\probability_variability_report.json,725,c8533f15133bbe6b135060aeff56e55dab333bbc79ce4b268d427f02c4275fb2,2026-06-01T08:37:50.946011
tables\all_json_outputs\s17_power_analysis.json,1318,faf2dd09a72827b0a59d9d93504db5063fa0fa6ad5319a28df95d550fd06425c,2026-06-01T11:32:04.801487
tables\all_json_outputs\s17_power_analysis_verdict.json,1674,88d4144e773648f1bf189a781259a867601c5a73f1d8a5414900c4d17713de9b,2026-06-01T11:37:30.018911
tables\all_json_outputs\s1_results.json,33470,85f7f58cf15cdc58bba6c3aabccd0638f3ad861e516f1e9da812e49960d8e130,2026-06-01T14:28:07.581914
tables\all_json_outputs\sr2_results.json,2913,71af887f7585c5d590ee29b9485e3bdc7014568305d052344821ae74609b273e,2026-06-02T09:20:33.640954
tables\all_json_outputs\sr_bse_results.json,4211,8086632bbf39dfb8bbc5c1f1eeb61e428a5047a011052fe18a47a46b0ae1dd64,2026-06-02T08:35:07.574262
tables\all_json_outputs\stale_artifact_protection_report.json,656,08d1e3ab89e0230cecef45651253e12132f7ced308c732ea56e845893040b521,2026-06-01T08:37:50.909006
tables\all_json_outputs\threshold_sensitivity_report.json,8384,d1df45daefd4f31d8db5ca09411d0b5ed7e6924ff1c94c7985c34d99c3cbb910,2026-06-01T09:19:12.724143
tables\all_json_outputs\zero_input_confirmation.json,7741,ed81633d81965e75cf9c5634c15b15480db2dd6a559028399a208f79d6549d08,2026-06-01T08:45:27.005817
